x_m,y_m,yaw_rad
-0.0260,0.0240,1.3090
0.0139,0.1625,1.2217
0.0542,0.3008,1.2217
0.0945,0.4392,1.2217
0.1348,0.5776,1.2217
0.1750,0.7159,1.2217
0.2153,0.8543,1.2217
0.2556,0.9927,1.2217
0.2959,1.1310,1.2217
0.3385,1.2687,1.2217
0.3930,1.4020,1.0472
0.3930,1.4020,1.1345
0.4643,1.5366,0.9599
0.5489,1.6632,0.8727
0.6411,1.7845,0.8727
0.7333,1.9058,0.8727
0.8256,2.0270,0.8727
0.9179,2.1483,0.8727
1.0102,2.2695,0.8727
1.1024,2.3908,0.8727
1.1947,2.5120,0.8727
1.2870,2.6332,0.8727
1.3799,2.7540,0.8727
1.4820,2.8670,0.7854
1.5875,2.9699,0.6981
1.6955,3.0700,0.6981
1.8059,3.1675,0.6981
1.9188,3.2622,0.6109
2.0340,3.3540,0.6109
2.1514,3.4429,0.6109
2.2710,3.5289,0.5236
2.3928,3.6119,0.5236
2.5165,3.6917,0.5236
2.6423,3.7685,0.5236
2.7697,3.8425,0.4363
2.8973,3.9160,0.4363
3.0250,3.9895,0.4363
3.1527,4.0630,0.4363
3.2803,4.1365,0.4363
3.4080,4.2100,0.5236
3.5406,4.2780,0.3491
3.6793,4.3325,0.2618
3.8226,4.3732,0.1745
3.9673,4.4092,0.1745
4.1119,4.4452,0.1745
4.2566,4.4812,0.1745
4.4012,4.5172,0.1745
4.5459,4.5532,0.1745
4.6905,4.5892,0.1745
4.8351,4.6254,0.2618
4.9768,4.6715,0.3491
5.1133,4.7313,0.4363
5.2431,4.8044,0.5236
5.3651,4.8900,0.6109
5.4779,4.9873,0.6981
5.5806,5.0953,0.7854
5.6720,5.2130,0.9599
5.8027,5.4394,1.1345
5.8922,5.6851,1.3090
5.9376,5.9426,1.4835
5.9376,6.2041,1.6581
5.9148,6.4646,1.6581
5.8920,6.7250,1.6581
5.8692,6.9855,1.6581
5.8464,7.2460,1.6581
5.8236,7.5065,1.6581
5.8008,7.7669,1.6581
5.7780,8.0274,1.6581
5.7553,8.2879,1.6581
5.7325,8.5483,1.6581
5.7097,8.8088,1.6581
5.6869,9.0693,1.6581
5.6869,9.3308,1.4835
5.7097,9.5912,1.4835
5.7325,9.8517,1.4835
5.7553,10.1122,1.4835
5.7780,10.3726,1.4835
5.8008,10.6331,1.4835
5.8236,10.8936,1.4835
5.8464,11.1541,1.4835
5.8692,11.4145,1.4835
5.8692,11.6760,1.6581
5.8238,11.9335,1.8326
5.7344,12.1792,2.0071
5.6036,12.4056,2.1817
5.4537,12.6198,2.1817
5.3037,12.8340,2.1817
5.1356,13.0343,2.3562
4.9507,13.2192,2.3562
4.7659,13.4041,2.3562
4.5810,13.5889,2.3562
4.3961,13.7738,2.3562
4.2112,13.9587,2.3562
4.0109,14.1268,2.5307
3.7845,14.2575,2.7053
3.5388,14.3469,2.8798
3.2813,14.3923,3.0543
3.0198,14.3923,3.2289
2.7593,14.3696,3.2289
2.5018,14.3242,3.4034
2.2561,14.2347,3.5779
2.0297,14.1040,3.7525
1.8155,13.9540,3.7525
1.6152,13.7860,3.9270
1.4472,13.5857,4.1015
1.3164,13.3592,4.2761
1.2270,13.1135,4.4506
1.1593,12.8610,4.4506
1.0916,12.6084,4.4506
1.0240,12.3558,4.4506
0.9563,12.1033,4.4506
0.8886,11.8507,4.4506
0.8210,11.5982,4.4506
0.7315,11.3525,4.2761
0.6008,11.1260,4.1015
0.4327,10.9257,3.9270
0.2478,10.7409,3.9270
0.0630,10.5560,3.9270
-0.1219,10.3711,3.9270
-0.3068,10.1862,3.9270
-0.4917,10.0013,3.9270
-0.6766,9.8164,3.9270
-0.8446,9.6161,4.1015
-0.9754,9.3897,4.2761
-1.0859,9.1527,4.2761
-1.1753,8.9070,4.4506
-1.2207,8.6495,4.6251
-1.2207,8.3881,4.7997
-1.1979,8.1276,4.7997
-1.1751,7.8671,4.7997
-1.1523,7.6067,4.7997
-1.1296,7.3462,4.7997
-1.1068,7.0857,4.7997
-1.0614,6.8282,4.9742
-0.9937,6.5757,4.9742
-0.9260,6.3231,4.9742
-0.8366,6.0774,5.1487
-0.7059,5.8510,5.3233
-0.5378,5.6507,5.4978
-0.3529,5.4658,5.4978
-0.1680,5.2809,5.4978
0.0169,5.0960,5.4978
0.2172,4.9279,5.6723
0.4436,4.7972,5.8469
0.6806,4.6867,5.8469
0.9175,4.5762,5.8469
1.1545,4.4657,5.8469
1.3915,4.3552,5.8469
1.6285,4.2447,5.8469
1.8654,4.1342,5.8469
2.1111,4.0448,6.0214
2.3686,3.9994,6.1959
2.6301,3.9994,0.0873
2.8876,4.0448,0.2618
3.1333,4.1342,0.4363
3.3597,4.2649,0.6109
3.5739,4.4149,0.6109
3.6936,4.4906,0.4363
3.8199,4.5546,0.3491
3.9517,4.6064,0.2618
4.0873,4.6475,0.2618
4.2233,4.6871,0.2618
4.3593,4.7267,0.2618
4.4953,4.7663,0.2618
4.6313,4.8060,0.2618
4.7663,4.8488,0.3491
4.8969,4.9036,0.4363
5.0217,4.9705,0.5236
5.1397,5.0488,0.6109
5.2497,5.1379,0.6981
5.3509,5.2371,0.7854
5.4423,5.3453,0.8727
5.5230,5.4616,0.9599
5.5924,5.5850,1.0472
5.6499,5.7145,1.1345
5.6949,5.8487,1.2217
5.7270,5.9867,1.3090
5.7460,6.1270,1.4835
5.7632,6.2697,1.3963
5.7818,6.4123,1.3963
5.8003,6.5549,1.3963
5.8189,6.6974,1.3963
5.8375,6.8400,1.3963
5.8561,6.9826,1.3963
5.8747,7.1251,1.3963
5.8932,7.2677,1.3963
5.9118,7.4103,1.3963
5.9290,7.5530,1.4835
5.9290,7.8145,1.6581
5.9062,8.0749,1.6581
5.8608,8.3324,1.8326
5.8277,8.4765,1.7453
5.8051,8.6225,1.6581
5.7931,8.7698,1.5708
5.7917,8.9176,1.4835
5.8009,9.0651,1.3963
5.8208,9.2116,1.3963
5.8512,9.3562,1.3090
5.8919,9.4983,1.2217
5.9413,9.6376,1.1345
5.9919,9.7765,1.1345
6.0425,9.9154,1.1345
6.0931,10.0543,1.1345
6.1437,10.1932,1.2217
6.1887,10.3340,1.2217
6.2235,10.4777,1.3090
6.2477,10.6235,1.3963
6.2615,10.7706,1.4835
6.2646,10.9184,1.5708
6.2570,11.0660,1.6581
6.2365,11.2143,1.7453
6.2014,11.3599,1.8326
6.1519,11.5012,1.9199
6.0913,11.6382,1.9199
6.0299,11.7748,1.9199
5.9685,11.9114,1.9199
5.9070,12.0480,2.0071
5.8324,12.1882,2.0944
5.7476,12.3226,2.0944
5.6626,12.4567,2.0944
5.5775,12.5909,2.0944
5.4924,12.7251,2.0944
5.4073,12.8593,2.0944
5.3142,12.9879,2.1817
5.2080,13.1060,2.3562
5.1027,13.2017,2.4435
4.9889,13.2871,2.5307
4.8716,13.3677,2.5307
4.7543,13.4483,2.5307
4.6370,13.5289,2.5307
4.5197,13.6095,2.5307
4.4024,13.6901,2.5307
4.2851,13.7707,2.5307
4.1678,13.8513,2.5307
4.0480,13.9280,2.6180
3.9259,14.0056,2.5307
3.8055,14.0857,2.5307
3.6851,14.1659,2.5307
3.5646,14.2460,2.5307
3.4441,14.3260,2.5307
3.3187,14.3980,2.6180
3.1869,14.4576,2.7053
3.0500,14.5042,2.7925
2.9093,14.5375,2.8798
2.7660,14.5570,3.0543
2.6173,14.5626,3.1416
2.4687,14.5534,3.2289
2.3218,14.5296,3.3161
2.1779,14.4913,3.4034
2.0364,14.4449,3.4034
1.8950,14.3984,3.4034
1.7564,14.3439,3.4907
1.6240,14.2760,3.6652
1.4098,14.1260,3.8397
1.2249,13.9411,4.0143
1.0750,13.7270,4.1888
0.9645,13.4900,4.3633
0.9194,13.3433,4.4506
0.8896,13.1927,4.5379
0.8753,13.0399,4.6251
0.8767,12.8864,4.7124
0.8938,12.7339,4.7997
0.9195,12.5825,4.7997
0.9452,12.4311,4.7997
0.9660,12.2790,4.7997
0.9660,12.0175,4.6251
0.9206,11.7600,4.4506
0.8312,11.5143,4.2761
0.7004,11.2879,4.1015
0.5324,11.0876,3.9270
0.3475,10.9027,3.9270
0.1626,10.7178,3.9270
-0.0223,10.5330,3.9270
-0.2072,10.3481,3.9270
-0.3921,10.1632,3.9270
-0.5769,9.9783,3.9270
-0.7618,9.7934,3.9270
-0.9299,9.5931,4.1015
-1.0606,9.3667,4.2761
-1.1501,9.1210,4.4506
-1.2177,8.8684,4.4506
-1.2854,8.6159,4.4506
-1.3531,8.3633,4.4506
-1.4207,8.1108,4.4506
-1.4661,7.8533,4.6251
-1.4661,7.5918,4.7997
-1.4207,7.3343,4.9742
-1.3313,7.0886,5.1487
-1.2208,6.8516,5.1487
-1.1103,6.6147,5.1487
-0.9998,6.3777,5.1487
-0.8893,6.1407,5.1487
-0.7788,5.9037,5.1487
-0.6683,5.6668,5.1487
-0.5578,5.4298,5.1487
-0.4271,5.2034,5.3233
-0.2590,5.0031,5.4978
-0.0587,4.8350,5.6723
0.1677,4.7043,5.8469
0.4047,4.5938,5.8469
0.6417,4.4833,5.8469
0.8786,4.3728,5.8469
1.1156,4.2623,5.8469
1.3526,4.1518,5.8469
1.5895,4.0413,5.8469
1.8352,3.9518,6.0214
2.0927,3.9064,6.1959
2.3542,3.9064,0.0873
2.6117,3.9518,0.2618
2.8574,4.0413,0.4363
3.0944,4.1518,0.4363
3.3313,4.2623,0.4363
3.5683,4.3728,0.4363
3.8053,4.4833,0.4363
4.0510,4.5727,0.2618
4.3035,4.6404,0.2618
4.5561,4.7080,0.2618
4.8018,4.7975,0.4363
5.0282,4.9282,0.6109
5.2285,5.0963,0.7854
5.3966,5.2966,0.9599
5.5273,5.5230,1.1345
5.6378,5.7600,1.1345
5.7483,5.9969,1.1345
5.8378,6.2426,1.3090
5.8832,6.5001,1.4835
5.9060,6.7606,1.4835
5.9287,7.0211,1.4835
5.9515,7.2816,1.4835
5.9515,7.5430,1.6581
5.9287,7.8035,1.6581
5.9060,8.0640,1.6581
5.8832,8.3244,1.6581
5.8604,8.5849,1.6581
5.8376,8.8454,1.6581
5.8148,9.1059,1.6581
5.7920,9.3663,1.6581
5.7692,9.6268,1.6581
5.7692,9.8883,1.4835
5.7920,10.1487,1.4835
5.8148,10.4092,1.4835
5.8376,10.6697,1.4835
5.8604,10.9302,1.4835
5.8604,11.1916,1.6581
5.8150,11.4491,1.8326
5.7473,11.7017,1.8326
5.6796,11.9542,1.8326
5.6120,12.2068,1.8326
5.5225,12.4525,2.0071
5.3918,12.6789,2.1817
5.2237,12.8792,2.3562
5.0388,13.0641,2.3562
4.8540,13.2490,2.3562
4.6691,13.4339,2.3562
4.4842,13.6188,2.3562
4.2993,13.8036,2.3562
4.1144,13.9885,2.3562
3.9141,14.1566,2.5307
3.6877,14.2873,2.7053
3.4420,14.3768,2.8798
3.1845,14.4222,3.0543
2.9230,14.4222,3.2289
2.6655,14.3768,3.4034
2.4198,14.2873,3.5779
2.1829,14.1768,3.5779
1.9459,14.0663,3.5779
1.7195,13.9356,3.7525
1.5192,13.7675,3.9270
1.4204,13.6586,4.0143
1.3328,13.5405,4.1015
1.2572,13.4144,4.1888
1.1943,13.2816,4.2761
1.1447,13.1432,4.3633
1.1089,13.0006,4.4506
1.0872,12.8552,4.5379
1.0798,12.7083,4.6251
1.0869,12.5615,4.7997
1.1024,12.4152,4.7997
1.1180,12.2690,4.7997
1.1336,12.1227,4.7997
1.1492,11.9765,4.7997
1.1648,11.8302,4.7997
1.1784,11.6838,4.7124
1.1791,11.5368,4.6251
1.1654,11.3904,4.5379
1.1375,11.2460,4.4506
1.0955,11.1051,4.3633
1.0400,10.9690,4.2761
0.9093,10.7426,4.1015
0.7412,10.5423,3.9270
0.5409,10.3742,3.7525
0.3145,10.2435,3.5779
0.0775,10.1330,3.5779
-0.1595,10.0225,3.5779
-0.3964,9.9120,3.5779
-0.6229,9.7812,3.7525
-0.8232,9.6132,3.9270
-0.9912,9.4129,4.1015
-1.1220,9.1864,4.2761
-1.2114,8.9407,4.4506
-1.2791,8.6882,4.4506
-1.3468,8.4356,4.4506
-1.4144,8.1831,4.4506
-1.4598,7.9256,4.6251
-1.4598,7.6641,4.7997
-1.4144,7.4066,4.9742
-1.3250,7.1609,5.1487
-1.2145,6.9239,5.1487
-1.1040,6.6870,5.1487
-0.9935,6.4500,5.1487
-0.8830,6.2130,5.1487
-0.7725,5.9760,5.1487
-0.6620,5.7391,5.1487
-0.5313,5.5126,5.3233
-0.3632,5.3123,5.4978
-0.1629,5.1443,5.6723
0.0513,4.9943,5.6723
0.2777,4.8636,5.8469
0.5147,4.7531,5.8469
0.7517,4.6426,5.8469
0.9886,4.5321,5.8469
1.2256,4.4216,5.8469
1.4626,4.3111,5.8469
1.6995,4.2006,5.8469
1.9452,4.1111,6.0214
2.1978,4.0435,6.0214
2.4553,3.9981,6.1959
2.7168,3.9981,0.0873
2.9743,4.0435,0.2618
3.2200,4.1329,0.4363
3.4569,4.2434,0.4363
3.6939,4.3539,0.4363
3.9309,4.4644,0.4363
4.1678,4.5749,0.4363
4.4048,4.6854,0.4363
4.6418,4.7959,0.4363
4.8788,4.9064,0.4363
5.1157,5.0169,0.4363
5.3422,5.1476,0.6109
5.5425,5.3157,0.7854
5.7105,5.5160,0.9599
5.8413,5.7424,1.1345
5.9307,5.9881,1.3090
5.9761,6.2456,1.4835
5.9989,6.5061,1.4835
6.0217,6.7666,1.4835
6.0445,7.0270,1.4835
6.0672,7.2875,1.4835
6.0672,7.5490,1.6581
6.0445,7.8095,1.6581
6.0217,8.0699,1.6581
5.9763,8.3274,1.8326
5.9086,8.5800,1.8326
5.8409,8.8325,1.8326
5.7732,9.0851,1.8326
5.7278,9.3426,1.6581
5.7278,9.6041,1.4835
5.7506,9.8645,1.4835
5.7734,10.1250,1.4835
5.7962,10.3855,1.4835
5.8190,10.6459,1.4835
5.8418,10.9064,1.4835
5.8646,11.1669,1.4835
5.8874,11.4274,1.4835
5.8874,11.6888,1.6581
5.8420,11.9463,1.8326
5.7525,12.1920,2.0071
5.6218,12.4185,2.1817
5.4537,12.6188,2.3562
5.2688,12.8036,2.3562
5.0840,12.9885,2.3562
4.8991,13.1734,2.3562
4.7142,13.3583,2.3562
4.5293,13.5432,2.3562
4.3444,13.7281,2.3562
4.1595,13.9129,2.3562
3.9592,14.0810,2.5307
3.7328,14.2118,2.7053
3.4871,14.3012,2.8798
3.2345,14.3689,2.8798
2.9771,14.4143,3.0543
2.7156,14.4143,3.2289
2.4581,14.3688,3.4034
2.2124,14.2794,3.5779
1.9860,14.1487,3.7525
1.7857,13.9806,3.9270
1.6176,13.7803,4.1015
1.4676,13.5661,4.1015
1.3369,13.3397,4.2761
1.2475,13.0940,4.4506
1.1798,12.8414,4.4506
1.1488,12.6980,4.5379
1.1307,12.5523,4.5379
1.1150,12.4063,4.5379
1.0992,12.2604,4.5379
1.0835,12.1144,4.5379
1.0678,11.9684,4.5379
1.0521,11.8224,4.5379
1.0363,11.6764,4.5379
1.0206,11.5305,4.5379
1.0023,11.3848,4.5379
0.9710,11.2414,4.3633
0.9258,11.1018,4.2761
0.8671,10.9672,4.1888
0.7956,10.8391,4.1015
0.7120,10.7185,4.0143
0.6169,10.6067,3.9270
0.5114,10.5047,3.8397
0.3964,10.4135,3.7525
0.2730,10.3340,3.6652
0.1337,10.2630,3.4907
-0.0121,10.2067,3.4034
-0.1600,10.1561,3.4034
-0.3080,10.1055,3.4034
-0.4560,10.0549,3.4034
-0.6039,10.0043,3.4034
-0.7497,9.9480,3.4907
-0.8890,9.8770,3.6652
-1.1032,9.7270,3.8397
-1.2881,9.5421,4.0143
-1.4380,9.3280,4.1888
-1.5485,9.0910,4.3633
-1.6162,8.8384,4.5379
-1.6390,8.5780,4.7124
-1.6390,8.3165,4.7124
-1.6390,8.0550,4.7124
-1.6618,7.7946,4.5379
-1.7295,7.5420,4.3633
-1.8400,7.3050,4.1888
-1.9899,7.0908,4.0143
-2.1748,6.9060,3.8397
-2.3890,6.7560,3.6652
-2.6260,6.6455,3.4907
-2.8717,6.5561,3.4907
-3.1174,6.4666,3.4907
-3.3699,6.3990,3.3161
-3.6304,6.3762,3.1416
-3.8909,6.3990,2.9671
-4.1434,6.4666,2.7925
-4.3804,6.5771,2.6180
-4.5946,6.7271,2.4435
-4.7795,6.9120,2.2689
-4.9294,7.1262,2.0944
-5.0399,7.3631,1.9199
-5.1294,7.6088,1.9199
-5.2188,7.8545,1.9199
-5.3082,8.1002,1.9199
-5.3976,8.3459,1.9199
-5.4871,8.5916,1.9199
-5.5547,8.8442,1.7453
-5.5775,9.1047,1.5708
-5.5547,9.3651,1.3963
-5.4871,9.6177,1.2217
-5.3766,9.8547,1.0472
-5.2458,10.0811,1.0472
-5.1151,10.3075,1.0472
-4.9844,10.5340,1.0472
-4.8536,10.7604,1.0472
-4.7229,10.9869,1.0472
-4.5922,11.2133,1.0472
-4.4422,11.4275,0.8727
-4.2573,11.6124,0.6981
-4.0431,11.7623,0.5236
-3.8062,11.8728,0.3491
-3.5536,11.9405,0.1745
-3.2931,11.9633,0.0000
-3.0327,11.9405,6.1087
-2.7801,11.8728,5.9341
-2.5344,11.7834,5.9341
-2.4032,11.7285,5.7596
-2.2777,11.6613,5.6723
-2.1592,11.5826,5.5851
-2.0486,11.4930,5.4978
-1.9471,11.3933,5.4105
-1.8547,11.2851,5.3233
-1.7642,11.1752,5.3233
-1.6763,11.0633,5.3233
-1.5989,10.9439,5.2360
-1.5331,10.8177,5.0615
-1.4796,10.6859,4.9742
-1.4389,10.5495,4.8869
-1.4112,10.4100,4.7997
-1.3969,10.2684,4.7124
-1.3960,10.1261,4.6251
-1.4087,9.9844,4.5379
-1.4347,9.8445,4.4506
-1.4738,9.7077,4.3633
-1.5258,9.5752,4.2761
-1.5900,9.4483,4.1888
-1.6660,9.3280,4.1015
-1.7474,9.1981,4.1888
-1.8151,9.0606,4.2761
-1.8684,8.9170,4.3633
-1.9068,8.7686,4.4506
-1.9383,8.6185,4.4506
-1.9720,8.4690,4.3633
-1.9720,8.4690,4.4506
-2.0033,8.3237,4.5379
-2.0282,8.1771,4.5379
-2.0531,8.0306,4.5379
-2.0780,7.8840,4.5379
-2.1029,7.7374,4.5379
-2.1278,7.5908,4.5379
-2.1526,7.4443,4.5379
-2.1775,7.2977,4.5379
-2.2024,7.1511,4.5379
-2.2273,7.0045,4.5379
-2.2486,6.8574,4.5379
-2.2560,6.7090,4.7124
-2.2534,6.5638,4.7124
-2.2506,6.4185,4.7124
-2.2478,6.2733,4.7124
-2.2449,6.1281,4.7124
-2.2418,5.9829,4.7124
-2.2291,5.8382,4.7997
-2.2024,5.6955,4.8869
-2.1621,5.5560,4.9742
-2.1084,5.4211,5.0615
-2.0420,5.2920,5.2360
-1.9647,5.1717,5.3233
-1.8763,5.0594,5.4105
-1.7776,4.9559,5.4978
-1.6695,4.8623,5.5851
-1.5532,4.7791,5.6723
-1.4348,4.6988,5.6723
-1.3164,4.6186,5.6723
-1.1980,4.5383,5.6723
-1.0796,4.4581,5.6723
-0.9612,4.3779,5.6723
-0.8428,4.2976,5.6723
-0.7290,4.2110,5.5851
-0.6087,4.1147,5.5851
-0.4881,4.0188,5.5851
-0.3675,3.9228,5.5851
-0.2468,3.8269,5.5851
-0.1262,3.7310,5.5851
-0.0056,3.6351,5.5851
0.1151,3.5392,5.5851
0.2356,3.4432,5.5851
0.3500,3.3400,5.4978
0.5349,3.1551,5.4978
0.7030,2.9548,5.3233
0.8337,2.7284,5.1487
0.9231,2.4827,4.9742
0.9534,2.3438,4.7997
0.9703,2.2026,4.7124
0.9738,2.0605,4.6251
0.9639,1.9187,4.5379
0.9454,1.7777,4.5379
0.9267,1.6368,4.5379
0.9074,1.4959,4.5379
0.8782,1.3567,4.4506
0.8360,1.2210,4.3633
0.7768,1.0808,4.1888
0.7036,0.9474,4.1015
0.6174,0.8220,4.0143
0.5230,0.7026,4.0143
0.4285,0.5833,4.0143
0.3340,0.4639,4.0143
0.2395,0.3446,4.0143
0.1450,0.2252,4.0143
0.0504,0.1059,4.0143
-0.0420,-0.0150,4.1015
