t_s,fused_yaw_deg,ahrs_yaw_deg,raw_vyaw_deg_s,ahrs_vyaw_deg_s,mag_x,mag_y,mag_z,mag_magnitude,x_m,y_m,is_checkpoint,checkpoint_idx,gt_x,gt_y,gt_error_m
0.000,0.0624,95.8394,0.0414,0.0148,0.000035,-0.000000,-0.000020,0.000040,0.0006,0.0000,0,,,,
0.045,0.0625,95.8394,0.0330,0.1459,0.000035,-0.000000,-0.000021,0.000040,0.0009,0.0000,0,,,,
0.094,0.0611,95.8394,0.0782,-0.0032,0.000035,-0.000000,-0.000020,0.000040,0.0012,0.0000,0,,,,
0.144,0.0611,95.8394,-0.0676,-0.0956,0.000035,-0.000000,-0.000020,0.000040,0.0015,0.0000,0,,,,
0.195,0.0610,95.8394,0.0248,-0.1688,0.000035,-0.000000,-0.000020,0.000040,0.0018,0.0000,0,,,,
0.244,0.0615,95.8393,-0.3170,-0.3012,0.000035,-0.000000,-0.000020,0.000040,0.0022,0.0000,0,,,,
0.295,0.0702,95.8422,0.3448,0.4220,0.000035,-0.000000,-0.000020,0.000040,0.0026,0.0000,0,,,,
0.345,0.0816,95.8582,-0.3613,-0.3670,0.000035,-0.000000,-0.000020,0.000040,0.0033,0.0000,0,,,,
0.394,0.0549,95.8334,-0.6207,-0.8285,0.000035,-0.000000,-0.000020,0.000040,0.0044,0.0000,0,,,,
0.445,0.0318,95.8098,-0.2034,-0.1241,0.000035,-0.000000,-0.000020,0.000040,0.0062,0.0000,0,,,,
0.495,0.0511,95.8275,0.3914,0.3942,0.000035,-0.000000,-0.000020,0.000040,0.0089,0.0000,0,,,,
0.545,0.0548,95.8332,0.0803,0.2469,0.000035,-0.000000,-0.000020,0.000041,0.0126,0.0000,0,,,,
0.594,0.0522,95.8298,0.0870,-0.1899,0.000035,-0.000000,-0.000020,0.000041,0.0172,0.0000,0,,,,
0.648,0.0331,95.8099,-1.2208,-1.3376,0.000035,-0.000001,-0.000020,0.000041,0.0233,0.0000,0,,,,
0.694,-0.0033,95.7751,0.0569,-0.0133,0.000035,-0.000001,-0.000020,0.000040,0.0313,0.0000,0,,,,
0.744,0.0132,95.7913,0.6021,0.4771,0.000035,-0.000001,-0.000020,0.000040,0.0414,0.0000,0,,,,
0.794,0.0282,95.8055,0.2930,0.2330,0.000034,-0.000001,-0.000020,0.000040,0.0519,0.0000,0,,,,
0.844,0.0176,95.7969,0.3996,0.2469,0.000034,-0.000001,-0.000019,0.000039,0.0649,0.0000,0,,,,
0.894,0.0382,95.8149,0.2086,-0.1123,0.000033,-0.000002,-0.000019,0.000038,0.0797,0.0000,0,,,,
0.944,0.0042,95.7828,-0.9152,-0.8968,0.000032,-0.000002,-0.000019,0.000038,0.0951,0.0001,0,,,,
0.994,0.0040,95.7832,0.1275,-0.0573,0.000031,-0.000003,-0.000019,0.000037,0.1104,0.0001,0,,,,
1.044,-0.0088,95.7682,-1.2919,-1.6308,0.000031,-0.000003,-0.000019,0.000036,0.1259,0.0001,0,,,,
1.094,-0.0973,95.6829,-1.5188,-1.9861,0.000030,-0.000003,-0.000019,0.000036,0.1414,0.0000,0,,,,
1.145,-0.2122,95.5683,-1.9558,-1.9998,0.000029,-0.000004,-0.000019,0.000035,0.1560,0.0000,0,,,,
1.195,-0.2944,95.4859,-1.0420,-0.8858,0.000029,-0.000005,-0.000018,0.000035,0.1703,-0.0001,0,,,,
1.244,-0.3339,95.4445,-1.1503,-1.0646,0.000028,-0.000005,-0.000018,0.000034,0.1834,-0.0001,0,,,,
1.294,-0.3910,95.3878,-0.6625,-0.7845,0.000028,-0.000005,-0.000018,0.000034,0.1956,-0.0002,0,,,,
1.344,-0.4024,95.3749,-0.0260,0.1331,0.000028,-0.000005,-0.000018,0.000034,0.2075,-0.0003,0,,,,
1.394,-0.3732,95.4033,1.0646,1.2361,0.000028,-0.000006,-0.000018,0.000034,0.2183,-0.0004,0,,,,
1.445,-0.3321,95.4446,0.5659,0.6904,0.000027,-0.000006,-0.000018,0.000033,0.2285,-0.0004,0,,,,
1.494,-0.3015,95.4756,0.2919,0.0459,0.000027,-0.000006,-0.000018,0.000033,0.2381,-0.0005,0,,,,
1.545,-0.3376,95.4410,-0.5898,-0.7344,0.000026,-0.000006,-0.000018,0.000033,0.2476,-0.0006,0,,,,
1.595,-0.3744,95.4034,-1.4980,-1.3893,0.000026,-0.000007,-0.000018,0.000033,0.2563,-0.0006,0,,,,
1.645,-0.4675,95.3125,-1.8858,-1.8183,0.000026,-0.000007,-0.000018,0.000033,0.2644,-0.0007,0,,,,
1.694,-0.5289,95.2499,-0.8929,-1.1108,0.000026,-0.000007,-0.000018,0.000032,0.2722,-0.0007,0,,,,
1.747,-0.6026,95.1776,-1.7357,-1.7880,0.000025,-0.000007,-0.000018,0.000032,0.2802,-0.0008,0,,,,
1.794,-0.6822,95.0984,-1.1823,-1.1325,0.000025,-0.000007,-0.000018,0.000032,0.2879,-0.0009,0,,,,
1.844,-0.7346,95.0432,-1.3039,-1.5438,0.000025,-0.000007,-0.000018,0.000032,0.2959,-0.0010,0,,,,
1.895,-0.8026,94.9769,-1.2536,-1.0631,0.000025,-0.000008,-0.000018,0.000032,0.3046,-0.0011,0,,,,
2.163,-0.9063,94.6367,-2.2819,-1.9649,0.000025,-0.000008,-0.000018,0.000032,0.3142,-0.0013,0,,,,
2.166,-1.0259,94.6178,-1.8666,-1.9408,0.000025,-0.000008,-0.000018,0.000032,0.3249,-0.0014,0,,,,
2.170,-1.0946,94.5931,-2.3851,-2.8395,0.000025,-0.000008,-0.000018,0.000032,0.3369,-0.0016,0,,,,
2.172,-1.1845,94.5619,-3.0598,-3.2413,0.000025,-0.000008,-0.000018,0.000032,0.3502,-0.0019,0,,,,
2.175,-1.3176,94.5302,-3.1213,-3.3675,0.000025,-0.000008,-0.000018,0.000032,0.3648,-0.0022,0,,,,
2.194,-1.3896,94.3886,-1.6174,-1.4908,0.000024,-0.000009,-0.000018,0.000031,0.3804,-0.0026,0,,,,
2.244,-1.5089,94.2738,-3.1150,-2.8089,0.000023,-0.000009,-0.000019,0.000031,0.3968,-0.0030,0,,,,
2.295,-1.6094,94.1696,-1.4658,-1.5791,0.000023,-0.000009,-0.000019,0.000031,0.4137,-0.0034,0,,,,
2.344,-1.6942,94.0840,-1.2487,-1.5110,0.000023,-0.000010,-0.000019,0.000031,0.4314,-0.0039,0,,,,
2.394,-1.7949,93.9848,-2.5821,-2.2303,0.000022,-0.000010,-0.000019,0.000031,0.4496,-0.0045,0,,,,
2.445,-1.9300,93.8493,-3.2845,-3.5555,0.000022,-0.000011,-0.000019,0.000031,0.4687,-0.0051,0,,,,
2.495,-2.0654,93.7171,-2.6508,-2.4731,0.000022,-0.000011,-0.000019,0.000031,0.4882,-0.0058,0,,,,
2.544,-2.2063,93.5757,-2.2936,-2.2824,0.000021,-0.000011,-0.000019,0.000031,0.5083,-0.0065,0,,,,
2.595,-2.3160,93.4632,-2.3416,-2.2991,0.000021,-0.000012,-0.000020,0.000031,0.5282,-0.0073,0,,,,
2.645,-2.4547,93.3271,-2.1312,-2.0183,0.000021,-0.000012,-0.000020,0.000031,0.5488,-0.0081,0,,,,
2.694,-2.5408,93.2381,-1.4012,-2.0719,0.000021,-0.000013,-0.000020,0.000032,0.5696,-0.0090,0,,,,
2.745,-2.5924,93.1869,-0.8366,-0.9806,0.000020,-0.000013,-0.000020,0.000031,0.5908,-0.0100,0,,,,
2.794,-2.6846,93.0956,-3.1615,-3.3653,0.000020,-0.000014,-0.000021,0.000032,0.6126,-0.0110,0,,,,
2.844,-2.7813,92.9982,-1.2364,-1.3715,0.000019,-0.000014,-0.000021,0.000032,0.6348,-0.0120,0,,,,
2.894,-2.8818,92.8995,-0.7708,-0.2318,0.000019,-0.000015,-0.000021,0.000032,0.6563,-0.0131,0,,,,
2.944,-2.8461,92.9291,0.8466,0.9346,0.000018,-0.000015,-0.000021,0.000032,0.6770,-0.0141,0,,,,
2.994,-2.7356,93.0416,2.5236,2.2951,0.000018,-0.000015,-0.000021,0.000032,0.6976,-0.0151,0,,,,
3.044,-2.6658,93.1088,-0.2872,-0.9344,0.000018,-0.000016,-0.000021,0.000032,0.7184,-0.0161,0,,,,
3.094,-2.6878,93.0924,-0.3702,0.1227,0.000017,-0.000016,-0.000021,0.000032,0.7374,-0.0170,0,,,,
3.146,-2.6631,93.1147,2.3790,2.8857,0.000017,-0.000017,-0.000022,0.000032,0.7562,-0.0179,0,,,,
3.195,-2.4549,93.3178,4.5995,4.8240,0.000016,-0.000016,-0.000022,0.000032,0.7740,-0.0187,0,,,,
3.245,-2.2250,93.5486,3.5790,3.7364,0.000016,-0.000017,-0.000022,0.000032,0.7916,-0.0194,0,,,,
3.294,-2.0647,93.7080,3.0887,2.9429,0.000016,-0.000017,-0.000022,0.000032,0.8090,-0.0200,0,,,,
3.345,-1.9452,93.8300,2.0846,2.3400,0.000016,-0.000017,-0.000022,0.000032,0.8260,-0.0206,0,,,,
3.394,-1.8949,93.8808,0.1113,0.3034,0.000016,-0.000017,-0.000022,0.000032,0.8438,-0.0212,0,,,,
3.445,-1.8612,93.9165,1.7875,2.0107,0.000015,-0.000017,-0.000022,0.000032,0.8617,-0.0218,0,,,,
3.494,-1.7391,94.0376,2.1035,2.3470,0.000015,-0.000018,-0.000022,0.000032,0.8801,-0.0224,0,,,,
3.544,-1.5728,94.2012,3.2974,3.2099,0.000015,-0.000018,-0.000022,0.000032,0.8988,-0.0229,0,,,,
3.594,-1.3879,94.3866,3.8185,3.9926,0.000015,-0.000018,-0.000022,0.000032,0.9185,-0.0235,0,,,,
3.645,-1.1956,94.5782,3.1746,3.4803,0.000014,-0.000018,-0.000022,0.000032,0.9392,-0.0240,0,,,,
3.694,-1.0303,94.7436,3.2396,2.7426,0.000014,-0.000018,-0.000022,0.000032,0.9610,-0.0244,0,,,,
3.744,-0.9167,94.8602,1.4095,1.4721,0.000014,-0.000018,-0.000022,0.000032,0.9835,-0.0248,0,,,,
3.796,-0.8467,94.9286,0.5740,0.4214,0.000013,-0.000019,-0.000022,0.000032,1.0066,-0.0251,0,,,,
3.844,-0.7970,94.9778,0.6217,0.8502,0.000012,-0.000019,-0.000022,0.000032,1.0303,-0.0255,0,,,,
3.894,-0.7536,95.0245,1.6322,1.8010,0.000012,-0.000019,-0.000022,0.000032,1.0543,-0.0258,0,,,,
3.944,-0.6497,95.1048,2.4711,2.0314,0.000012,-0.000019,-0.000022,0.000032,1.0788,-0.0261,0,,,,
3.994,-0.4223,95.3473,1.8813,2.2799,0.000011,-0.000019,-0.000023,0.000032,1.1032,-0.0264,0,,,,
4.044,-0.3353,95.4403,2.1231,2.0604,0.000010,-0.000019,-0.000023,0.000031,1.1271,-0.0265,0,,,,
4.094,-0.2933,95.4831,0.2153,0.5239,0.000010,-0.000019,-0.000023,0.000031,1.1511,-0.0267,0,,,,
4.145,-0.2718,95.5048,-0.3544,-0.5357,0.000009,-0.000019,-0.000023,0.000031,1.1742,-0.0268,0,,,,
4.194,-0.2522,95.5253,1.3112,1.4886,0.000009,-0.000020,-0.000023,0.000032,1.1978,-0.0269,0,,,,
4.245,-0.1672,95.6112,1.9506,1.6694,0.000008,-0.000020,-0.000023,0.000031,1.2206,-0.0270,0,,,,
4.294,-0.0736,95.7021,1.5116,1.3391,0.000008,-0.000020,-0.000023,0.000032,1.2432,-0.0270,0,,,,
4.344,0.0023,95.7790,1.7183,1.5425,0.000007,-0.000020,-0.000024,0.000032,1.2657,-0.0270,0,,,,
4.395,0.0492,95.8264,0.8240,0.4502,0.000006,-0.000020,-0.000024,0.000032,1.2884,-0.0270,0,,,,
4.444,0.0972,95.8748,1.1639,1.0632,0.000006,-0.000020,-0.000024,0.000032,1.3113,-0.0270,0,,,,
4.494,0.1742,95.9533,1.7733,1.6628,0.000005,-0.000020,-0.000024,0.000032,1.3343,-0.0269,0,,,,
4.545,0.2185,95.9950,0.7158,0.6709,0.000005,-0.000020,-0.000025,0.000032,1.3566,-0.0268,0,,,,
4.594,0.2919,96.0666,0.8606,0.7942,0.000004,-0.000020,-0.000025,0.000032,1.3789,-0.0267,0,,,,
4.644,0.3529,96.1287,0.6289,1.0847,0.000003,-0.000020,-0.000025,0.000032,1.4006,-0.0266,0,,,,
4.695,0.3640,96.1417,0.1612,0.1457,0.000003,-0.000020,-0.000026,0.000033,1.4226,-0.0265,0,,,,
4.745,0.4275,96.2038,0.2845,0.2568,0.000002,-0.000020,-0.000026,0.000033,1.4442,-0.0263,0,,,,
4.794,0.4596,96.2335,0.1555,0.2127,0.000002,-0.000020,-0.000026,0.000033,1.4656,-0.0262,0,,,,
4.845,0.5098,96.2864,1.0631,1.1124,0.000001,-0.000019,-0.000027,0.000033,1.4872,-0.0260,0,,,,
4.894,0.5751,96.3491,2.3179,2.6518,0.000000,-0.000020,-0.000027,0.000034,1.5089,-0.0258,0,,,,
4.944,0.6347,96.4096,0.5817,0.3118,0.000000,-0.000020,-0.000028,0.000034,1.5307,-0.0256,0,,,,
4.994,0.6526,96.4304,-0.5104,-0.8736,-0.000000,-0.000019,-0.000028,0.000034,1.5526,-0.0253,0,,,,
5.045,0.6051,96.3869,0.1730,-0.5212,-0.000001,-0.000019,-0.000029,0.000034,1.5743,-0.0251,0,,,,
5.094,0.6306,96.4087,0.7202,0.6741,-0.000002,-0.000019,-0.000029,0.000035,1.5968,-0.0248,0,,,,
5.145,0.6920,96.4681,1.6192,1.5881,-0.000002,-0.000019,-0.000030,0.000035,1.6194,-0.0246,0,,,,
5.194,0.7690,96.5432,1.4997,1.1536,-0.000002,-0.000019,-0.000030,0.000036,1.6427,-0.0243,0,,,,
5.244,0.8627,96.6375,0.2988,0.0452,-0.000003,-0.000019,-0.000031,0.000036,1.6662,-0.0239,0,,,,
5.294,0.8169,96.5955,-0.6471,-1.1123,-0.000003,-0.000019,-0.000031,0.000037,1.6892,-0.0236,0,,,,
5.344,0.6632,96.4420,-3.4483,-4.0878,-0.000004,-0.000019,-0.000032,0.000037,1.7129,-0.0233,0,,,,
5.394,0.5273,96.3069,-2.5182,-2.4715,-0.000004,-0.000018,-0.000032,0.000037,1.7363,-0.0230,0,,,,
5.445,0.4220,96.2017,-1.2296,-1.1393,-0.000004,-0.000019,-0.000033,0.000038,1.7601,-0.0228,0,,,,
5.494,0.4110,96.1907,0.4506,-0.1784,-0.000004,-0.000018,-0.000034,0.000039,1.7837,-0.0227,0,,,,
5.544,0.4555,96.2327,0.9435,0.9196,-0.000004,-0.000018,-0.000034,0.000039,1.8070,-0.0225,0,,,,
5.595,0.4645,96.2415,-0.2800,-0.0828,-0.000004,-0.000018,-0.000035,0.000040,1.8298,-0.0223,0,,,,
5.644,0.3675,96.1403,-3.0804,-3.7725,-0.000004,-0.000018,-0.000036,0.000040,1.8523,-0.0221,0,,,,
5.694,0.2386,96.0228,-1.9593,-1.6972,-0.000004,-0.000018,-0.000036,0.000040,1.8745,-0.0220,0,,,,
5.745,0.2426,96.0234,1.9912,1.9203,-0.000004,-0.000018,-0.000037,0.000041,1.8964,-0.0219,0,,,,
5.794,0.3224,96.0988,1.4037,1.7810,-0.000004,-0.000018,-0.000037,0.000042,1.9182,-0.0218,0,,,,
5.844,0.3824,96.1569,0.2824,0.0442,-0.000003,-0.000018,-0.000038,0.000042,1.9403,-0.0217,0,,,,
5.894,0.3659,96.1443,-0.9999,-0.3048,-0.000003,-0.000018,-0.000038,0.000042,1.9623,-0.0216,0,,,,
5.944,0.3432,96.1213,-0.9627,-0.6378,-0.000003,-0.000018,-0.000039,0.000043,1.9845,-0.0214,0,,,,
5.994,0.3086,96.0879,-0.5299,-0.6760,-0.000003,-0.000018,-0.000039,0.000043,2.0077,-0.0213,0,,,,
6.044,0.3057,96.0840,0.6029,1.0768,-0.000003,-0.000018,-0.000040,0.000044,2.0306,-0.0212,0,,,,
6.094,0.3809,96.1561,0.3965,0.4494,-0.000002,-0.000018,-0.000040,0.000044,2.0532,-0.0210,0,,,,
6.144,0.3804,96.1566,0.2847,-0.2926,-0.000002,-0.000018,-0.000040,0.000044,2.0759,-0.0209,0,,,,
6.194,0.3793,96.1536,-0.9399,-1.5263,-0.000002,-0.000018,-0.000041,0.000045,2.0984,-0.0207,0,,,,
6.244,0.3429,96.1230,-1.3497,-1.5795,-0.000002,-0.000018,-0.000041,0.000045,2.1210,-0.0206,0,,,,
6.294,0.2994,96.0774,-0.0180,-0.5502,-0.000002,-0.000018,-0.000041,0.000045,2.1437,-0.0205,0,,,,
6.344,0.3089,96.0856,-0.0365,-0.1327,-0.000002,-0.000018,-0.000041,0.000045,2.1657,-0.0203,0,,,,
6.394,0.3487,96.1254,0.7868,0.9786,-0.000001,-0.000017,-0.000041,0.000045,2.1877,-0.0202,0,,,,
6.444,0.3698,96.1469,0.8665,1.3025,-0.000001,-0.000017,-0.000042,0.000045,2.2098,-0.0201,0,,,,
6.494,0.3896,96.1668,-0.8660,-1.3133,-0.000001,-0.000017,-0.000042,0.000045,2.2317,-0.0199,0,,,,
6.544,0.3313,96.1092,-1.3395,-1.3498,-0.000001,-0.000017,-0.000042,0.000045,2.2538,-0.0198,0,,,,
6.594,0.2876,96.0652,-0.8677,-0.5888,-0.000001,-0.000017,-0.000042,0.000045,2.2756,-0.0197,0,,,,
6.644,0.2948,96.0734,0.9296,1.1023,-0.000001,-0.000017,-0.000042,0.000045,2.2979,-0.0196,0,,,,
6.694,0.3493,96.1251,0.8773,1.1322,-0.000000,-0.000016,-0.000042,0.000045,2.3207,-0.0194,0,,,,
6.744,0.4244,96.2007,1.2303,1.0354,-0.000001,-0.000016,-0.000042,0.000045,2.3431,-0.0193,0,,,,
6.794,0.4624,96.2389,0.3638,0.1096,-0.000000,-0.000016,-0.000042,0.000045,2.3661,-0.0191,0,,,,
6.844,0.4152,96.1935,-0.5955,-0.3390,-0.000000,-0.000016,-0.000042,0.000045,2.3892,-0.0189,0,,,,
6.894,0.3519,96.1312,-1.3876,-1.4004,-0.000000,-0.000016,-0.000042,0.000045,2.4123,-0.0188,0,,,,
6.944,0.3080,96.0864,-0.7715,-1.0037,-0.000000,-0.000016,-0.000042,0.000045,2.4356,-0.0186,0,,,,
6.994,0.2847,96.0644,-0.8257,-0.6825,0.000000,-0.000015,-0.000042,0.000045,2.4588,-0.0185,0,,,,
7.045,0.2636,96.0414,0.0798,-0.1210,0.000000,-0.000015,-0.000043,0.000045,2.4818,-0.0184,0,,,,
7.095,0.2617,96.0377,-0.3739,-0.2803,0.000000,-0.000015,-0.000043,0.000045,2.5047,-0.0183,0,,,,
7.144,0.2182,95.9963,-1.0602,-1.3281,0.000000,-0.000015,-0.000043,0.000045,2.5275,-0.0182,0,,,,
7.194,0.1400,95.9195,-1.7875,-1.6468,0.000001,-0.000015,-0.000043,0.000045,2.5499,-0.0181,0,,,,
7.244,0.0530,95.8343,-1.4532,-1.8211,0.000000,-0.000015,-0.000043,0.000046,2.5720,-0.0181,0,,,,
7.294,-0.0014,95.7763,-1.4669,-1.5523,0.000001,-0.000015,-0.000043,0.000046,2.5941,-0.0181,0,,,,
7.344,-0.0308,95.7472,-0.5963,-0.5413,0.000001,-0.000015,-0.000043,0.000046,2.6159,-0.0181,0,,,,
7.394,-0.0609,95.7177,-1.1509,-0.5900,0.000001,-0.000014,-0.000043,0.000046,2.6381,-0.0181,0,,,,
7.444,-0.1096,95.6686,-1.8716,-1.3329,0.000000,-0.000014,-0.000044,0.000046,2.6601,-0.0181,0,,,,
7.494,-0.1758,95.6048,-0.5896,-0.8026,0.000000,-0.000014,-0.000044,0.000046,2.6825,-0.0182,0,,,,
7.544,-0.2069,95.5715,-0.1785,-0.8852,0.000001,-0.000014,-0.000044,0.000046,2.7056,-0.0183,0,,,,
7.594,-0.1906,95.5875,0.5604,0.7593,0.000000,-0.000014,-0.000044,0.000047,2.7287,-0.0183,0,,,,
7.644,-0.1815,95.5954,0.3215,-0.1670,0.000000,-0.000014,-0.000045,0.000047,2.7514,-0.0184,0,,,,
7.694,-0.2010,95.5767,-1.0670,-1.2264,-0.000000,-0.000014,-0.000045,0.000047,2.7739,-0.0185,0,,,,
7.744,-0.1957,95.5835,-0.6958,-0.4768,-0.000000,-0.000014,-0.000045,0.000047,2.7963,-0.0186,0,,,,
7.794,-0.2631,95.5151,-1.5185,-1.4879,-0.000001,-0.000014,-0.000045,0.000047,2.8189,-0.0187,0,,,,
7.845,-0.3489,95.4306,-1.1282,-1.6559,-0.000001,-0.000014,-0.000046,0.000048,2.8414,-0.0188,0,,,,
7.894,-0.3768,95.4029,0.5622,0.6826,-0.000001,-0.000013,-0.000046,0.000048,2.8633,-0.0189,0,,,,
7.944,-0.3746,95.4040,0.4200,0.2410,-0.000001,-0.000013,-0.000046,0.000048,2.8854,-0.0191,0,,,,
7.995,-0.3586,95.4199,-0.1030,-0.0656,-0.000002,-0.000013,-0.000047,0.000049,2.9076,-0.0192,0,,,,
8.044,-0.3735,95.4032,-0.5940,-0.8079,-0.000002,-0.000013,-0.000047,0.000049,2.9298,-0.0193,0,,,,
8.094,-0.4319,95.3471,-1.5732,-1.5721,-0.000002,-0.000013,-0.000047,0.000049,2.9522,-0.0195,0,,,,
8.144,-0.4855,95.2939,-0.7139,-0.5355,-0.000002,-0.000013,-0.000048,0.000050,2.9742,-0.0197,0,,,,
8.195,-0.5171,95.2617,-0.5747,-0.3749,-0.000002,-0.000013,-0.000048,0.000050,2.9964,-0.0199,0,,,,
8.244,-0.4861,95.2924,0.4968,0.2932,-0.000003,-0.000013,-0.000048,0.000050,3.0192,-0.0201,0,,,,
8.294,-0.4473,95.3295,0.8560,1.1529,-0.000003,-0.000014,-0.000049,0.000051,3.0420,-0.0202,0,,,,
8.344,-0.4288,95.3492,-0.0685,0.0856,-0.000003,-0.000013,-0.000050,0.000052,3.0651,-0.0204,0,,,,
8.394,-0.4672,95.3116,-1.0694,-1.5387,-0.000003,-0.000014,-0.000050,0.000052,3.0884,-0.0206,0,,,,
8.444,-0.5685,95.2325,-2.2951,-2.1266,-0.000003,-0.000013,-0.000051,0.000052,3.1112,-0.0208,0,,,,
8.494,-0.6564,95.1242,-1.6832,-2.1528,-0.000003,-0.000014,-0.000051,0.000053,3.1343,-0.0210,0,,,,
8.545,-0.7167,95.0620,-0.5468,-0.6832,-0.000003,-0.000014,-0.000052,0.000054,3.1570,-0.0213,0,,,,
8.594,-0.7068,95.0704,0.6099,0.3715,-0.000003,-0.000014,-0.000052,0.000054,3.1797,-0.0216,0,,,,
8.644,-0.6707,95.1059,0.4340,0.1078,-0.000003,-0.000014,-0.000053,0.000055,3.2022,-0.0219,0,,,,
8.694,-0.6752,95.1032,0.1012,-0.0991,-0.000003,-0.000014,-0.000054,0.000055,3.2245,-0.0221,0,,,,
8.745,-0.7170,95.0615,-1.5275,-1.3848,-0.000003,-0.000014,-0.000054,0.000056,3.2467,-0.0224,0,,,,
8.794,-0.7811,94.9964,-1.9597,-2.0522,-0.000002,-0.000014,-0.000055,0.000057,3.2687,-0.0227,0,,,,
8.845,-0.8470,94.9320,-0.7337,0.1738,-0.000003,-0.000014,-0.000055,0.000057,3.2905,-0.0230,0,,,,
8.894,-0.8012,94.9760,1.0985,1.6835,-0.000002,-0.000015,-0.000056,0.000058,3.3124,-0.0233,0,,,,
8.944,-0.6926,95.0821,1.4888,1.5422,-0.000003,-0.000015,-0.000057,0.000059,3.3343,-0.0236,0,,,,
8.994,-0.6174,95.1587,0.8316,0.5345,-0.000002,-0.000015,-0.000058,0.000060,3.3565,-0.0238,0,,,,
9.044,-0.5957,95.1811,-0.1397,-0.3454,-0.000002,-0.000015,-0.000058,0.000060,3.3791,-0.0241,0,,,,
9.094,-0.5786,95.1989,0.1325,0.7302,-0.000002,-0.000015,-0.000059,0.000061,3.4021,-0.0243,0,,,,
9.144,-0.6195,95.1603,-0.2911,0.0390,-0.000002,-0.000015,-0.000060,0.000062,3.4255,-0.0246,0,,,,
9.194,-0.5866,95.1910,0.0312,-0.0980,-0.000002,-0.000015,-0.000061,0.000062,3.4487,-0.0248,0,,,,
9.244,-0.4927,95.2831,1.6842,1.9367,-0.000002,-0.000015,-0.000061,0.000063,3.4713,-0.0250,0,,,,
9.294,-0.4523,95.3148,1.0917,0.9522,-0.000001,-0.000016,-0.000062,0.000064,3.4941,-0.0252,0,,,,
9.346,-0.4429,95.3338,-1.7158,-1.5761,-0.000001,-0.000015,-0.000063,0.000064,3.5167,-0.0254,0,,,,
9.394,-0.5055,95.2740,-0.5699,-0.6202,-0.000001,-0.000016,-0.000063,0.000065,3.5390,-0.0256,0,,,,
9.444,-0.5286,95.2508,0.1677,0.2784,-0.000001,-0.000015,-0.000063,0.000065,3.5616,-0.0258,0,,,,
9.494,-0.4505,95.3257,0.7822,0.3949,-0.000000,-0.000015,-0.000064,0.000066,3.5840,-0.0260,0,,,,
9.544,-0.4298,95.3538,1.6698,1.3367,0.000000,-0.000015,-0.000064,0.000066,3.6060,-0.0261,0,,,,
9.594,-0.3868,95.3897,-0.4924,-0.1564,0.000000,-0.000015,-0.000065,0.000067,3.6280,-0.0263,0,,,,
9.644,-0.3669,95.4098,0.2781,0.2186,0.000001,-0.000015,-0.000065,0.000067,3.6501,-0.0264,0,,,,
9.694,-0.3990,95.3803,-0.1368,0.0604,0.000001,-0.000015,-0.000066,0.000067,3.6722,-0.0266,0,,,,
9.744,-0.4015,95.3772,-0.9957,-1.0069,0.000001,-0.000015,-0.000066,0.000068,3.6947,-0.0267,0,,,,
9.794,-0.3841,95.3941,1.2351,1.5940,0.000001,-0.000015,-0.000066,0.000068,3.7168,-0.0269,0,,,,
9.845,-0.3222,95.4539,2.0708,2.0517,0.000002,-0.000015,-0.000067,0.000068,3.7396,-0.0270,0,,,,
9.894,-0.2332,95.5409,0.3431,-0.2486,0.000002,-0.000015,-0.000067,0.000068,3.7625,-0.0271,0,,,,
9.945,-0.2346,95.5425,-0.5380,-0.3505,0.000003,-0.000015,-0.000067,0.000069,3.7852,-0.0272,0,,,,
9.993,-0.2838,95.5003,-0.7850,-1.0228,0.000003,-0.000015,-0.000067,0.000069,3.8080,-0.0273,0,,,,
10.044,-0.3037,95.4734,-1.1277,-1.4587,0.000004,-0.000015,-0.000068,0.000069,3.8310,-0.0275,0,,,,
10.094,-0.3208,95.4580,0.3223,0.4962,0.000004,-0.000015,-0.000068,0.000070,3.8537,-0.0276,0,,,,
10.144,-0.2733,95.5052,2.0220,1.9022,0.000005,-0.000015,-0.000068,0.000070,3.8767,-0.0277,0,,,,
10.195,-0.1485,95.6256,2.0291,1.6834,0.000005,-0.000015,-0.000068,0.000070,3.8995,-0.0278,0,,,,
10.245,-0.0600,95.7177,1.2960,1.2480,0.000006,-0.000015,-0.000068,0.000070,3.9216,-0.0278,0,,,,
10.294,-0.0319,95.7455,0.7884,0.5951,0.000006,-0.000015,-0.000069,0.000070,3.9442,-0.0278,0,,,,
10.344,0.0159,95.7915,0.7213,0.3192,0.000007,-0.000015,-0.000069,0.000071,3.9669,-0.0279,0,,,,
10.394,0.0428,95.8207,0.8344,1.0736,0.000007,-0.000015,-0.000069,0.000071,3.9893,-0.0278,0,,,,
10.444,0.0908,95.8673,0.8815,0.7324,0.000008,-0.000016,-0.000069,0.000071,4.0116,-0.0278,0,,,,
10.494,0.1784,95.9550,1.6865,1.8044,0.000008,-0.000015,-0.000069,0.000072,4.0338,-0.0278,0,,,,
10.546,0.2457,96.0207,1.0036,1.0534,0.000008,-0.000016,-0.000070,0.000072,4.0562,-0.0277,0,,,,
10.594,0.2778,96.0542,0.0666,0.1426,0.000009,-0.000016,-0.000070,0.000072,4.0787,-0.0276,0,,,,
10.644,0.2697,96.0476,0.2606,0.1426,0.000009,-0.000016,-0.000070,0.000072,4.1016,-0.0275,0,,,,
10.694,0.2691,96.0461,0.1056,0.5739,0.000010,-0.000016,-0.000070,0.000072,4.1248,-0.0274,0,,,,
10.744,0.3600,96.1367,1.0129,0.8226,0.000010,-0.000016,-0.000070,0.000073,4.1473,-0.0272,0,,,,
10.794,0.4216,96.1979,1.2192,1.0904,0.000010,-0.000016,-0.000070,0.000073,4.1693,-0.0271,0,,,,
10.844,0.4655,96.2413,0.9996,0.9310,0.000011,-0.000016,-0.000070,0.000073,4.1921,-0.0269,0,,,,
10.894,0.4588,96.2356,-0.2523,-0.5329,0.000011,-0.000016,-0.000071,0.000073,4.2148,-0.0267,0,,,,
10.944,0.4359,96.2139,-0.7667,-0.8728,0.000012,-0.000016,-0.000071,0.000073,4.2368,-0.0266,0,,,,
10.994,0.4530,96.2261,0.5898,0.6971,0.000012,-0.000016,-0.000071,0.000073,4.2589,-0.0264,0,,,,
11.046,0.4972,96.2739,1.4234,1.4232,0.000013,-0.000016,-0.000071,0.000073,4.2810,-0.0262,0,,,,
11.094,0.5485,96.3260,0.8150,1.4648,0.000013,-0.000016,-0.000070,0.000073,4.3031,-0.0260,0,,,,
11.145,0.6000,96.3777,0.5563,0.8069,0.000014,-0.000016,-0.000070,0.000074,4.3253,-0.0258,0,,,,
11.193,0.5754,96.3540,-1.3848,-1.2585,0.000014,-0.000016,-0.000070,0.000074,4.3470,-0.0256,0,,,,
11.244,0.5015,96.2817,-2.6940,-3.3461,0.000014,-0.000016,-0.000070,0.000074,4.3689,-0.0253,0,,,,
11.295,0.3790,96.1600,-1.8311,-1.6442,0.000015,-0.000016,-0.000070,0.000074,4.3913,-0.0252,0,,,,
11.346,0.2877,96.0675,-0.5586,-1.1810,0.000016,-0.000016,-0.000070,0.000074,4.4134,-0.0250,0,,,,
11.394,0.2772,96.0544,-0.2436,-0.2889,0.000017,-0.000016,-0.000070,0.000074,4.4363,-0.0249,0,,,,
11.444,0.2962,96.0719,-0.2094,-0.8341,0.000017,-0.000015,-0.000070,0.000074,4.4591,-0.0248,0,,,,
11.494,0.2587,96.0383,-0.8072,-0.9637,0.000018,-0.000016,-0.000069,0.000073,4.4822,-0.0247,0,,,,
11.544,0.1849,95.9654,-1.2588,-1.0764,0.000019,-0.000015,-0.000069,0.000073,4.5055,-0.0246,0,,,,
11.595,0.0880,95.8669,-3.0829,-2.8777,0.000020,-0.000015,-0.000069,0.000073,4.5289,-0.0245,0,,,,
11.645,-0.0648,95.7160,-2.5006,-2.7819,0.000020,-0.000015,-0.000069,0.000073,4.5514,-0.0245,0,,,,
11.694,-0.1536,95.6265,-0.8755,-0.1089,0.000021,-0.000015,-0.000068,0.000073,4.5738,-0.0246,0,,,,
11.744,-0.0664,95.7103,1.0350,1.4368,0.000022,-0.000015,-0.000068,0.000073,4.5960,-0.0246,0,,,,
11.795,-0.0364,95.7409,0.6602,0.4992,0.000023,-0.000015,-0.000067,0.000073,4.6177,-0.0246,0,,,,
11.845,-0.0464,95.7463,-1.3982,-1.6279,0.000023,-0.000015,-0.000067,0.000072,4.6374,-0.0247,0,,,,
11.894,-0.0907,95.6881,-0.4493,-0.4231,0.000024,-0.000014,-0.000067,0.000072,4.6600,-0.0247,0,,,,
11.944,-0.1401,95.6394,0.5677,0.2370,0.000025,-0.000014,-0.000066,0.000072,4.6810,-0.0247,0,,,,
11.994,-0.0642,95.7127,1.0124,0.7892,0.000025,-0.000014,-0.000066,0.000072,4.7021,-0.0248,0,,,,
12.045,-0.0202,95.7554,1.1875,1.6250,0.000026,-0.000014,-0.000065,0.000071,4.7231,-0.0248,0,,,,
12.094,0.0043,95.7795,-0.5153,-0.5504,0.000027,-0.000014,-0.000065,0.000071,4.7444,-0.0248,0,,,,
12.144,-0.0076,95.7704,-0.0855,-0.0533,0.000028,-0.000014,-0.000064,0.000071,4.7659,-0.0248,0,,,,
12.195,-0.0417,95.7380,0.0628,-0.0740,0.000028,-0.000014,-0.000063,0.000071,4.7880,-0.0248,0,,,,
12.244,-0.0039,95.7718,-1.7135,-1.5150,0.000029,-0.000014,-0.000062,0.000070,4.8106,-0.0248,0,,,,
12.294,0.0037,95.7807,1.0818,1.0406,0.000029,-0.000013,-0.000062,0.000070,4.8332,-0.0248,0,,,,
12.345,0.0073,95.7872,1.6631,1.3397,0.000030,-0.000013,-0.000060,0.000069,4.8559,-0.0248,0,,,,
12.394,0.0524,95.8283,-1.8436,-1.5074,0.000030,-0.000013,-0.000060,0.000068,4.8788,-0.0248,0,,,,
12.444,-0.0004,95.7783,0.0193,0.0170,0.000031,-0.000013,-0.000059,0.000068,4.9012,-0.0248,0,,,,
12.494,-0.0075,95.7726,-0.6924,-0.3944,0.000031,-0.000012,-0.000058,0.000067,4.9244,-0.0248,0,,,,
12.545,-0.0119,95.7652,-1.2278,-0.7908,0.000031,-0.000012,-0.000057,0.000066,4.9477,-0.0248,0,,,,
12.594,-0.0311,95.7461,0.4410,0.9842,0.000031,-0.000012,-0.000056,0.000065,4.9701,-0.0248,0,,,,
12.644,-0.0297,95.7496,-0.4592,-0.0796,0.000032,-0.000011,-0.000055,0.000064,4.9931,-0.0248,0,,,,
12.695,0.0041,95.7804,0.3394,-0.4361,0.000032,-0.000011,-0.000054,0.000063,5.0159,-0.0248,0,,,,
12.745,-0.0126,95.7659,0.2373,0.4679,0.000032,-0.000011,-0.000052,0.000062,5.0382,-0.0248,0,,,,
12.795,-0.0437,95.7339,-1.9149,-1.8565,0.000032,-0.000010,-0.000051,0.000061,5.0604,-0.0248,0,,,,
12.844,-0.0624,95.7167,-0.8124,-0.5402,0.000033,-0.000010,-0.000050,0.000060,5.0826,-0.0248,0,,,,
12.895,-0.1014,95.6778,0.1536,0.3473,0.000032,-0.000010,-0.000049,0.000059,5.1048,-0.0249,0,,,,
12.944,-0.0959,95.6809,-0.9611,-0.9005,0.000033,-0.000010,-0.000048,0.000059,5.1272,-0.0249,0,,,,
12.994,-0.0547,95.7219,-0.2758,0.2076,0.000032,-0.000009,-0.000046,0.000057,5.1495,-0.0249,0,,,,
13.044,-0.1754,95.6068,-2.2653,-1.9275,0.000033,-0.000009,-0.000046,0.000057,5.1722,-0.0250,0,,,,
13.094,-0.3237,95.4557,-4.4840,-4.8506,0.000033,-0.000009,-0.000044,0.000056,5.1947,-0.0251,0,,,,
13.144,-0.4580,95.3215,-1.8056,-1.4453,0.000033,-0.000008,-0.000043,0.000055,5.2177,-0.0252,0,,,,
13.194,-0.5620,95.2186,-1.4700,-1.1246,0.000032,-0.000008,-0.000042,0.000054,5.2408,-0.0254,0,,,,
13.245,-0.5356,95.2424,0.8478,0.5555,0.000032,-0.000008,-0.000041,0.000053,5.2636,-0.0256,0,,,,
13.294,-0.4320,95.3434,1.7219,2.6963,0.000032,-0.000008,-0.000040,0.000052,5.2867,-0.0258,0,,,,
13.344,-0.4354,95.3431,-1.1951,-1.1685,0.000032,-0.000007,-0.000039,0.000051,5.3093,-0.0260,0,,,,
13.395,-0.4849,95.2936,-1.9089,-1.9507,0.000031,-0.000007,-0.000038,0.000050,5.3320,-0.0262,0,,,,
13.444,-0.5277,95.2519,1.0135,1.2723,0.000031,-0.000007,-0.000037,0.000049,5.3542,-0.0264,0,,,,
13.494,-0.4857,95.2938,1.3851,1.7720,0.000031,-0.000007,-0.000036,0.000048,5.3767,-0.0266,0,,,,
13.544,-0.3048,95.4676,3.1616,2.5291,0.000031,-0.000007,-0.000035,0.000047,5.3991,-0.0267,0,,,,
13.594,-0.1918,95.5827,3.0592,3.0903,0.000030,-0.000007,-0.000035,0.000046,5.4210,-0.0268,0,,,,
13.644,-0.1546,95.6226,-0.7993,-0.7915,0.000030,-0.000007,-0.000034,0.000046,5.4433,-0.0269,0,,,,
13.694,-0.1808,95.5963,-0.7282,-1.3504,0.000030,-0.000007,-0.000033,0.000045,5.4668,-0.0270,0,,,,
13.744,-0.2533,95.5281,1.0050,0.4011,0.000029,-0.000007,-0.000032,0.000044,5.4893,-0.0271,0,,,,
13.794,-0.1658,95.5968,1.3955,1.2901,0.000029,-0.000007,-0.000032,0.000043,5.5122,-0.0271,0,,,,
13.844,-0.0149,95.7585,4.2560,3.7808,0.000028,-0.000007,-0.000031,0.000042,5.5352,-0.0272,0,,,,
13.894,0.0716,95.8497,2.6796,2.2338,0.000028,-0.000007,-0.000030,0.000041,5.5575,-0.0272,0,,,,
13.944,0.1485,95.9233,-0.0858,-0.2077,0.000027,-0.000007,-0.000030,0.000041,5.5799,-0.0271,0,,,,
13.995,0.1530,95.9304,0.2635,0.6370,0.000027,-0.000007,-0.000029,0.000040,5.6024,-0.0271,0,,,,
14.044,0.1132,95.8924,-0.2817,-0.3940,0.000026,-0.000007,-0.000028,0.000039,5.6246,-0.0270,0,,,,
14.094,0.1299,95.9071,0.0418,-0.1215,0.000026,-0.000007,-0.000028,0.000038,5.6470,-0.0270,0,,,,
14.145,0.1719,95.9486,2.2793,2.2075,0.000025,-0.000006,-0.000027,0.000037,5.6691,-0.0269,0,,,,
14.194,0.2173,95.9941,0.7060,0.2544,0.000025,-0.000006,-0.000026,0.000037,5.6910,-0.0268,0,,,,
14.244,0.2849,96.0605,1.2652,0.5319,0.000024,-0.000006,-0.000026,0.000036,5.7129,-0.0268,0,,,,
14.295,0.2813,96.0575,1.2664,1.0102,0.000024,-0.000006,-0.000025,0.000035,5.7348,-0.0266,0,,,,
14.344,0.3056,96.0821,-0.7661,-1.0607,0.000023,-0.000006,-0.000025,0.000034,5.7568,-0.0265,0,,,,
14.394,0.3255,96.1026,0.7237,0.6271,0.000023,-0.000006,-0.000024,0.000034,5.7789,-0.0264,0,,,,
14.445,0.3162,96.0950,0.7355,0.7204,0.000022,-0.000006,-0.000024,0.000033,5.8011,-0.0263,0,,,,
14.495,0.4067,96.1821,1.1542,1.2850,0.000022,-0.000006,-0.000023,0.000032,5.8237,-0.0262,0,,,,
14.544,0.5316,96.3071,3.6317,3.7699,0.000022,-0.000006,-0.000023,0.000032,5.8464,-0.0260,0,,,,
14.594,0.6040,96.3816,1.2237,1.2342,0.000021,-0.000006,-0.000022,0.000031,5.8698,-0.0257,0,,,,
14.645,0.6625,96.4312,-1.1041,-0.8223,0.000021,-0.000006,-0.000022,0.000031,5.8926,-0.0255,0,,,,
14.694,0.6490,96.4259,0.3034,0.5328,0.000021,-0.000006,-0.000021,0.000030,5.9155,-0.0252,0,,,,
14.744,0.6582,96.4363,0.0149,0.4019,0.000020,-0.000005,-0.000021,0.000030,5.9383,-0.0250,0,,,,
14.794,0.6915,96.4680,0.3285,0.5433,0.000020,-0.000005,-0.000021,0.000029,5.9612,-0.0247,0,,,,
14.844,0.7775,96.5512,2.3366,3.0086,0.000020,-0.000005,-0.000020,0.000029,5.9840,-0.0244,0,,,,
14.895,0.9259,96.7005,2.7833,2.9456,0.000020,-0.000005,-0.000020,0.000028,6.0067,-0.0241,0,,,,
14.944,1.0624,96.8325,1.7338,2.3008,0.000019,-0.000005,-0.000020,0.000028,6.0290,-0.0237,0,,,,
14.994,1.1029,96.8782,-0.5568,-0.7621,0.000019,-0.000006,-0.000019,0.000028,6.0511,-0.0233,0,,,,
15.045,1.0794,96.8569,-1.4357,-1.6825,0.000019,-0.000005,-0.000019,0.000027,6.0733,-0.0229,0,,,,
15.095,1.0577,96.8363,1.5189,1.5125,0.000019,-0.000006,-0.000019,0.000027,6.0953,-0.0225,0,,,,
15.145,1.1213,96.8979,2.0155,2.3380,0.000019,-0.000006,-0.000018,0.000027,6.1166,-0.0220,0,,,,
15.194,1.2855,97.0585,3.0643,2.2389,0.000018,-0.000006,-0.000018,0.000027,6.1390,-0.0216,0,,,,
15.244,1.3250,97.1024,1.0841,0.5126,0.000018,-0.000006,-0.000018,0.000026,6.1608,-0.0211,0,,,,
15.294,1.3721,97.1492,0.4232,0.1995,0.000018,-0.000006,-0.000018,0.000026,6.1836,-0.0206,0,,,,
15.345,1.3806,97.1580,0.6220,0.7186,0.000018,-0.000006,-0.000017,0.000026,6.2069,-0.0200,0,,,,
15.394,1.4137,97.1908,1.3255,0.9462,0.000018,-0.000006,-0.000017,0.000025,6.2294,-0.0194,0,,,,
15.444,1.5034,97.2794,2.0305,1.9378,0.000018,-0.000006,-0.000017,0.000025,6.2519,-0.0189,0,,,,
15.494,1.5750,97.3348,1.9986,1.7608,0.000017,-0.000006,-0.000016,0.000025,6.2745,-0.0183,0,,,,
15.544,1.6028,97.3798,-0.4991,-0.7607,0.000017,-0.000006,-0.000016,0.000024,6.2952,-0.0177,0,,,,
15.594,1.6188,97.3947,0.0767,0.0422,0.000017,-0.000006,-0.000016,0.000024,6.3162,-0.0171,0,,,,
15.646,1.6168,97.3954,1.8124,1.5143,0.000017,-0.000006,-0.000015,0.000023,6.3386,-0.0165,0,,,,
15.694,1.6703,97.4480,0.5073,0.6702,0.000017,-0.000006,-0.000015,0.000023,6.3619,-0.0158,0,,,,
15.744,1.7485,97.5214,2.1264,1.3027,0.000017,-0.000006,-0.000014,0.000023,6.3846,-0.0151,0,,,,
15.794,1.7980,97.5746,0.9250,0.8802,0.000016,-0.000005,-0.000014,0.000022,6.4065,-0.0145,0,,,,
15.844,1.8434,97.6197,-0.3150,-0.1270,0.000017,-0.000005,-0.000013,0.000022,6.4288,-0.0137,0,,,,
15.897,1.8304,97.6092,0.2214,-0.8405,0.000016,-0.000005,-0.000013,0.000022,6.4509,-0.0130,0,,,,
15.944,1.7658,97.5460,-0.9590,-0.4152,0.000016,-0.000005,-0.000013,0.000021,6.4730,-0.0123,0,,,,
15.995,1.8325,97.6073,0.2904,0.1710,0.000016,-0.000005,-0.000012,0.000021,6.4954,-0.0116,0,,,,
16.044,1.8809,97.6596,2.4756,3.0558,0.000017,-0.000005,-0.000012,0.000021,6.5183,-0.0109,0,,,,
16.094,1.9703,97.7456,1.0228,0.9230,0.000016,-0.000005,-0.000011,0.000020,6.5412,-0.0101,0,,,,
16.144,2.0662,97.8393,-0.7732,-0.2907,0.000016,-0.000005,-0.000011,0.000020,6.5646,-0.0093,0,,,,
16.194,2.0165,97.7971,0.1945,0.9467,0.000016,-0.000004,-0.000010,0.000020,6.5877,-0.0085,0,,,,
16.244,1.9996,97.7786,-1.3985,-1.3143,0.000016,-0.000005,-0.000010,0.000020,6.6109,-0.0077,0,,,,
16.294,1.9960,97.7719,-1.5120,-1.2884,0.000016,-0.000004,-0.000009,0.000019,6.6342,-0.0069,0,,,,
16.344,1.9266,97.7069,-0.5746,0.3233,0.000016,-0.000004,-0.000009,0.000019,6.6573,-0.0061,0,,,,
16.394,1.9355,97.7147,0.3905,0.3135,0.000017,-0.000004,-0.000008,0.000019,6.6799,-0.0053,0,,,,
16.444,2.0218,97.7973,0.7967,1.3072,0.000017,-0.000004,-0.000008,0.000019,6.7027,-0.0045,0,,,,
16.494,2.0105,97.7899,-0.8909,-0.5114,0.000017,-0.000004,-0.000008,0.000019,6.7253,-0.0037,0,,,,
16.545,1.9327,97.7107,-3.6895,-3.4987,0.000017,-0.000004,-0.000007,0.000019,6.7472,-0.0030,0,,,,
16.595,1.7593,97.5368,-3.9958,-3.4531,0.000017,-0.000004,-0.000007,0.000019,6.7708,-0.0022,0,,,,
16.644,1.5750,97.3566,-2.0911,-1.0854,0.000017,-0.000004,-0.000006,0.000019,6.7926,-0.0016,0,,,,
16.694,1.5719,97.3491,-0.2910,-0.0509,0.000018,-0.000004,-0.000006,0.000019,6.8146,-0.0010,0,,,,
16.744,1.5840,97.3609,-0.1839,0.1799,0.000018,-0.000004,-0.000005,0.000019,6.8371,-0.0003,0,,,,
16.794,1.5177,97.2946,-1.8776,-2.1648,0.000018,-0.000004,-0.000005,0.000019,6.8591,0.0003,0,,,,
16.844,1.4099,97.1870,-2.8854,-2.5771,0.000018,-0.000004,-0.000005,0.000019,6.8822,0.0009,0,,,,
16.894,1.2655,97.0448,-2.9818,-2.6157,0.000019,-0.000004,-0.000004,0.000019,6.9052,0.0014,0,,,,
16.944,1.1650,96.9435,-1.2172,-1.0734,0.000019,-0.000004,-0.000004,0.000019,6.9277,0.0019,0,,,,
16.994,1.1343,96.9157,0.3782,1.3168,0.000019,-0.000004,-0.000003,0.000020,6.9505,0.0023,0,,,,
17.044,1.1851,96.9631,0.5789,0.8282,0.000019,-0.000004,-0.000002,0.000020,6.9729,0.0028,0,,,,
17.094,1.1838,96.9602,-0.7413,-1.0362,0.000019,-0.000004,-0.000002,0.000020,6.9947,0.0032,0,,,,
17.144,1.1139,96.8904,-2.1589,-1.8982,0.000019,-0.000004,-0.000001,0.000020,7.0174,0.0037,0,,,,
17.194,1.0339,96.8120,-1.3027,-1.1618,0.000020,-0.000004,-0.000000,0.000020,7.0399,0.0041,0,,,,
17.244,0.9802,96.7617,-0.3481,-0.1689,0.000020,-0.000004,0.000000,0.000020,7.0620,0.0045,0,,,,
17.296,0.9929,96.7703,0.1889,-0.1372,0.000020,-0.000004,0.000002,0.000021,7.0847,0.0049,0,,,,
17.345,1.0534,96.8320,1.3752,1.7186,0.000020,-0.000004,0.000002,0.000020,7.1072,0.0053,0,,,,
17.394,1.0867,96.8660,1.4541,1.2835,0.000020,-0.000004,0.000003,0.000021,7.1296,0.0057,0,,,,
17.444,1.0948,96.8711,-0.9599,-1.2637,0.000020,-0.000004,0.000004,0.000021,7.1521,0.0062,0,,,,
17.494,1.0431,96.8220,-0.9571,-1.2542,0.000020,-0.000004,0.000006,0.000021,7.1741,0.0066,0,,,,
17.544,1.0068,96.7855,-0.5798,-0.1978,0.000020,-0.000004,0.000007,0.000021,7.1965,0.0070,0,,,,
17.594,1.0453,96.8229,1.2760,1.0239,0.000020,-0.000004,0.000008,0.000022,7.2192,0.0074,0,,,,
17.644,1.1136,96.8914,1.9933,1.7043,0.000019,-0.000004,0.000009,0.000022,7.2422,0.0078,0,,,,
17.694,1.1282,96.9059,-0.8137,-0.7314,0.000019,-0.000004,0.000010,0.000022,7.2654,0.0083,0,,,,
17.744,1.0876,96.8625,-1.7123,-2.4357,0.000018,-0.000004,0.000011,0.000022,7.2882,0.0087,0,,,,
17.796,0.9936,96.7713,-0.8347,-1.1458,0.000018,-0.000004,0.000013,0.000022,7.3108,0.0091,0,,,,
17.844,0.9428,96.7217,-0.9354,-0.3526,0.000017,-0.000004,0.000013,0.000022,7.3340,0.0095,0,,,,
17.895,0.9454,96.7211,-0.0068,-0.5388,0.000016,-0.000004,0.000014,0.000022,7.3568,0.0099,0,,,,
17.945,0.9639,96.7430,2.3501,1.9026,0.000015,-0.000004,0.000016,0.000022,7.3789,0.0103,0,,,,
17.995,1.0033,96.7788,-1.6167,-1.7936,0.000014,-0.000004,0.000016,0.000022,7.4016,0.0106,0,,,,
18.044,0.9221,96.6985,-1.6425,-2.1489,0.000013,-0.000004,0.000017,0.000022,7.4243,0.0110,0,,,,
18.094,0.7629,96.5421,-2.7352,-2.4284,0.000012,-0.000003,0.000018,0.000021,7.4469,0.0114,0,,,,
18.145,0.5658,96.3441,-4.8450,-4.5518,0.000011,-0.000003,0.000018,0.000021,7.4694,0.0116,0,,,,
18.194,0.4028,96.1805,-2.7687,-3.3851,0.000009,-0.000003,0.000019,0.000021,7.4912,0.0118,0,,,,
18.245,0.2238,96.0016,-3.1726,-3.3676,0.000008,-0.000002,0.000019,0.000021,7.5126,0.0119,0,,,,
18.294,0.0621,95.8777,-3.8221,-3.8280,0.000007,-0.000002,0.000019,0.000020,7.5337,0.0120,0,,,,
18.345,-0.1105,95.6676,-3.3176,-3.3030,0.000005,-0.000002,0.000019,0.000020,7.5547,0.0120,0,,,,
18.394,-0.2746,95.5042,-2.3118,-2.8382,0.000004,-0.000001,0.000019,0.000019,7.5752,0.0119,0,,,,
18.445,-0.3636,95.4151,-1.4571,-1.3591,0.000002,-0.000001,0.000019,0.000019,7.5959,0.0118,0,,,,
18.494,-0.3801,95.3967,-0.2557,-0.4228,0.000001,-0.000001,0.000018,0.000018,7.6161,0.0117,0,,,,
18.545,-0.4036,95.3753,0.0797,0.2536,-0.000001,0.000000,0.000018,0.000018,7.6362,0.0115,0,,,,
18.595,-0.4504,95.3260,-1.5908,-1.8412,-0.000002,0.000000,0.000017,0.000017,7.6563,0.0114,0,,,,
18.644,-0.4983,95.2807,-0.0452,-0.2541,-0.000003,0.000001,0.000017,0.000017,7.6763,0.0112,0,,,,
18.694,-0.5375,95.2373,-1.8243,-1.7717,-0.000005,0.000002,0.000016,0.000016,7.6967,0.0110,0,,,,
18.744,-0.5734,95.2051,0.6553,0.8321,-0.000006,0.000002,0.000015,0.000016,7.7160,0.0109,0,,,,
18.794,-0.6163,95.1602,-2.4989,-2.2366,-0.000007,0.000003,0.000014,0.000016,7.7368,0.0106,0,,,,
18.844,-0.7609,95.0191,-2.0545,-2.1338,-0.000008,0.000003,0.000013,0.000016,7.7576,0.0104,0,,,,
18.894,-0.8763,94.9028,-1.5276,-1.3840,-0.000009,0.000004,0.000012,0.000016,7.7783,0.0101,0,,,,
18.945,-0.9330,94.8444,-1.0914,-1.2984,-0.000010,0.000004,0.000011,0.000015,7.7997,0.0098,0,,,,
18.994,-0.9460,94.8318,0.4375,0.5367,-0.000011,0.000005,0.000010,0.000016,7.8208,0.0094,0,,,,
19.044,-0.9780,94.8003,-1.1432,-1.1529,-0.000011,0.000006,0.000009,0.000015,7.8423,0.0091,0,,,,
19.094,-1.0353,94.7415,-1.4746,-1.5111,-0.000012,0.000006,0.000008,0.000016,7.8637,0.0087,0,,,,
19.144,-1.1494,94.6320,-1.7390,-1.4987,-0.000012,0.000007,0.000007,0.000016,7.8850,0.0083,0,,,,
19.194,-1.2162,94.5633,-0.7747,-0.3539,-0.000013,0.000008,0.000006,0.000016,7.9069,0.0078,0,,,,
19.244,-1.2228,94.5542,0.8028,0.6606,-0.000013,0.000008,0.000005,0.000016,7.9289,0.0074,0,,,,
19.294,-1.2041,94.5739,1.1276,0.8431,-0.000013,0.000009,0.000003,0.000016,7.9514,0.0069,0,,,,
19.344,-1.1820,94.5961,-0.1523,-0.0319,-0.000013,0.000009,0.000002,0.000016,7.9744,0.0064,0,,,,
19.394,-1.1886,94.5894,0.2442,-0.2173,-0.000013,0.000010,0.000001,0.000017,7.9975,0.0059,0,,,,
19.444,-1.2706,94.5089,0.1356,-0.7324,-0.000013,0.000010,0.000000,0.000017,8.0206,0.0055,0,,,,
19.494,-1.2750,94.5026,-0.1332,0.0769,-0.000013,0.000010,-0.000001,0.000017,8.0435,0.0049,0,,,,
19.545,-1.2206,94.5571,2.4405,2.1031,-0.000013,0.000011,-0.000002,0.000017,8.0662,0.0044,0,,,,
19.594,-1.1848,94.5919,0.5603,0.5622,-0.000013,0.000011,-0.000003,0.000017,8.0889,0.0040,0,,,,
19.644,-1.1811,94.5953,-1.0116,-1.1147,-0.000013,0.000011,-0.000003,0.000017,8.1115,0.0035,0,,,,
19.694,-1.2149,94.5653,0.4921,0.6399,-0.000012,0.000012,-0.000004,0.000017,8.1336,0.0030,0,,,,
19.744,-1.2555,94.5218,-0.2171,-0.2789,-0.000012,0.000012,-0.000005,0.000018,8.1559,0.0026,0,,,,
19.794,-1.2146,94.5621,0.6577,0.4099,-0.000012,0.000012,-0.000006,0.000017,8.1776,0.0021,0,,,,
19.843,-1.1706,94.6093,1.6331,1.9321,-0.000012,0.000012,-0.000006,0.000018,8.1989,0.0016,0,,,,
19.894,-1.1061,94.6741,0.9367,0.8967,-0.000011,0.000012,-0.000007,0.000018,8.2205,0.0012,0,,,,
19.944,-1.0617,94.7157,1.1210,0.8655,-0.000011,0.000012,-0.000008,0.000018,8.2417,0.0008,0,,,,
19.994,-1.0855,94.6943,-0.7364,-0.3413,-0.000011,0.000011,-0.000008,0.000018,8.2634,0.0004,0,,,,
20.045,-1.0859,94.6908,0.4975,0.0181,-0.000011,0.000011,-0.000009,0.000018,8.2851,-0.0000,0,,,,
20.094,-1.0417,94.7369,1.5329,2.0977,-0.000011,0.000011,-0.000010,0.000018,8.3067,-0.0004,0,,,,
20.144,-0.9712,94.8065,1.1261,1.0819,-0.000011,0.000011,-0.000010,0.000019,8.3293,-0.0008,0,,,,
20.194,-0.8785,94.8968,0.9247,1.3885,-0.000010,0.000011,-0.000011,0.000019,8.3514,-0.0012,0,,,,
20.245,-0.8550,94.9225,1.1838,1.3955,-0.000010,0.000011,-0.000012,0.000019,8.3732,-0.0015,0,,,,
20.294,-0.7974,94.9799,1.1907,1.3128,-0.000010,0.000011,-0.000013,0.000019,8.3953,-0.0018,0,,,,
20.344,-0.7349,95.0429,1.4383,1.7195,-0.000010,0.000011,-0.000013,0.000020,8.4167,-0.0021,0,,,,
20.394,-0.6571,95.1201,1.5183,1.8919,-0.000010,0.000011,-0.000014,0.000020,8.4385,-0.0024,0,,,,
20.444,-0.5702,95.2085,2.3579,2.3575,-0.000010,0.000010,-0.000014,0.000020,8.4604,-0.0026,0,,,,
20.494,-0.5069,95.2700,1.4407,1.3747,-0.000010,0.000010,-0.000015,0.000021,8.4818,-0.0028,0,,,,
20.544,-0.4646,95.3120,0.1059,0.1883,-0.000009,0.000010,-0.000016,0.000021,8.5041,-0.0030,0,,,,
20.594,-0.4058,95.3737,1.8308,1.9062,-0.000009,0.000010,-0.000016,0.000021,8.5258,-0.0032,0,,,,
20.645,-0.3360,95.4420,1.5569,1.6800,-0.000009,0.000009,-0.000017,0.000022,8.5472,-0.0033,0,,,,
20.694,-0.2528,95.5233,1.8181,1.1937,-0.000009,0.000010,-0.000018,0.000022,8.5689,-0.0034,0,,,,
20.746,-0.2376,95.5400,1.8315,1.0435,-0.000008,0.000009,-0.000018,0.000022,8.5901,-0.0035,0,,,,
20.795,-0.0933,95.6857,4.3427,3.8059,-0.000008,0.000009,-0.000019,0.000023,8.6113,-0.0036,0,,,,
20.845,0.1676,95.8819,6.6936,6.4473,-0.000008,0.000009,-0.000019,0.000023,8.6331,-0.0036,0,,,,
20.894,0.4123,96.1866,2.7992,2.3865,-0.000008,0.000009,-0.000020,0.000023,8.6549,-0.0035,0,,,,
20.944,0.5546,96.3311,2.2955,2.5064,-0.000007,0.000008,-0.000021,0.000023,8.6772,-0.0033,0,,,,
20.993,0.5578,96.3358,0.0315,0.4794,-0.000007,0.000008,-0.000021,0.000024,8.6991,-0.0031,0,,,,
21.044,0.6050,96.3809,-0.0579,-0.1773,-0.000007,0.000008,-0.000021,0.000024,8.7213,-0.0029,0,,,,
21.095,0.6429,96.4288,2.7919,2.8271,-0.000006,0.000008,-0.000022,0.000024,8.7429,-0.0026,0,,,,
21.144,0.7648,96.5416,2.3989,2.8062,-0.000006,0.000008,-0.000022,0.000024,8.7644,-0.0024,0,,,,
21.194,0.9900,96.7649,3.6625,3.0244,-0.000006,0.000008,-0.000022,0.000024,8.7862,-0.0021,0,,,,
21.244,1.0968,96.8756,3.7536,3.3649,-0.000005,0.000007,-0.000022,0.000024,8.8074,-0.0017,0,,,,
21.294,1.2075,96.9826,0.3239,0.1939,-0.000005,0.000007,-0.000023,0.000024,8.8290,-0.0012,0,,,,
21.344,1.2172,96.9943,0.7859,0.7031,-0.000005,0.000008,-0.000023,0.000025,8.8500,-0.0008,0,,,,
21.394,1.1885,96.9670,0.2632,-0.1975,-0.000005,0.000007,-0.000023,0.000025,8.8711,-0.0003,0,,,,
21.445,1.2874,97.0638,2.2548,1.7690,-0.000005,0.000007,-0.000023,0.000025,8.8921,0.0001,0,,,,
21.493,1.3794,97.1584,2.5748,2.7691,-0.000005,0.000007,-0.000023,0.000025,8.9128,0.0006,0,,,,
21.544,1.4987,97.2745,0.6884,0.8509,-0.000005,0.000007,-0.000023,0.000025,8.9339,0.0011,0,,,,
21.593,1.5358,97.3146,1.3304,1.4232,-0.000005,0.000007,-0.000023,0.000025,8.9546,0.0017,0,,,,
21.644,1.5695,97.3484,0.5229,0.7813,-0.000005,0.000008,-0.000023,0.000025,8.9764,0.0022,0,,,,
21.694,1.6413,97.4194,1.3476,1.8122,-0.000006,0.000008,-0.000023,0.000025,8.9986,0.0029,0,,,,
21.744,1.6764,97.4550,1.1984,1.2107,-0.000006,0.000008,-0.000023,0.000026,9.0206,0.0035,0,,,,
21.793,1.7250,97.5012,0.3432,0.4137,-0.000007,0.000008,-0.000023,0.000026,9.0430,0.0042,0,,,,
21.844,1.7447,97.5232,0.4596,0.4592,-0.000007,0.000009,-0.000024,0.000026,9.0652,0.0048,0,,,,
21.893,1.7321,97.5094,-0.6220,-0.6815,-0.000008,0.000009,-0.000024,0.000027,9.0874,0.0055,0,,,,
21.944,1.7449,97.5229,0.5587,0.6168,-0.000009,0.000009,-0.000024,0.000027,9.1100,0.0062,0,,,,
21.993,1.7833,97.5617,2.4714,2.1231,-0.000009,0.000010,-0.000024,0.000028,9.1323,0.0069,0,,,,
22.044,1.8712,97.6493,1.2707,1.1441,-0.000010,0.000011,-0.000025,0.000029,9.1544,0.0076,0,,,,
22.093,1.9390,97.7161,1.5819,1.0905,-0.000011,0.000011,-0.000025,0.000029,9.1765,0.0083,0,,,,
22.144,1.9738,97.7516,1.2158,0.6305,-0.000012,0.000012,-0.000026,0.000031,9.1979,0.0090,0,,,,
22.193,2.0149,97.7926,0.0226,0.1609,-0.000012,0.000012,-0.000026,0.000031,9.2192,0.0098,0,,,,
22.243,2.0333,97.8133,1.6913,2.1213,-0.000013,0.000013,-0.000027,0.000032,9.2396,0.0105,0,,,,
22.294,2.0887,97.8653,0.3835,0.4750,-0.000013,0.000014,-0.000027,0.000033,9.2598,0.0112,0,,,,
22.344,2.1493,97.9278,2.6825,2.4436,-0.000014,0.000014,-0.000028,0.000034,9.2799,0.0120,0,,,,
22.394,2.1902,97.9685,0.1533,-0.0712,-0.000015,0.000015,-0.000029,0.000036,9.2998,0.0127,0,,,,
22.444,2.2497,98.0264,1.3833,1.3385,-0.000015,0.000015,-0.000030,0.000037,9.3202,0.0135,0,,,,
22.493,2.2948,98.0738,1.4208,2.3371,-0.000016,0.000016,-0.000031,0.000038,9.3406,0.0143,0,,,,
22.544,2.4043,98.1807,0.8502,1.0114,-0.000016,0.000016,-0.000032,0.000039,9.3616,0.0152,0,,,,
22.593,2.4036,98.1840,1.0431,1.3080,-0.000017,0.000017,-0.000034,0.000041,9.3823,0.0160,0,,,,
22.643,2.4150,98.1919,-0.2827,-0.7672,-0.000017,0.000017,-0.000034,0.000042,9.4029,0.0169,0,,,,
22.694,2.4405,98.2161,0.7458,-0.0179,-0.000017,0.000018,-0.000036,0.000044,9.4239,0.0178,0,,,,
22.744,2.3901,98.1665,0.0584,-0.8220,-0.000017,0.000019,-0.000037,0.000045,9.4447,0.0187,0,,,,
22.794,2.4375,98.2154,0.9196,1.3095,-0.000018,0.000019,-0.000038,0.000046,9.4658,0.0196,0,,,,
22.843,2.5162,98.2978,3.4205,3.5637,-0.000018,0.000020,-0.000040,0.000048,9.4869,0.0205,0,,,,
22.894,2.6124,98.3871,-0.2052,-0.1428,-0.000018,0.000020,-0.000042,0.000050,9.5083,0.0214,0,,,,
22.943,2.6430,98.4201,0.6768,0.1336,-0.000017,0.000021,-0.000043,0.000051,9.5295,0.0224,0,,,,
22.993,2.5752,98.3519,-1.0381,-0.4556,-0.000017,0.000021,-0.000044,0.000052,9.5504,0.0234,0,,,,
23.044,2.5966,98.3738,0.2000,0.4532,-0.000017,0.000022,-0.000046,0.000054,9.5717,0.0243,0,,,,
23.093,2.6317,98.4135,3.0138,3.3960,-0.000017,0.000022,-0.000047,0.000055,9.5930,0.0253,0,,,,
23.144,2.7142,98.4903,0.3148,-0.2986,-0.000016,0.000022,-0.000049,0.000056,9.6141,0.0263,0,,,,
23.194,2.7570,98.5329,0.8961,1.0855,-0.000016,0.000023,-0.000051,0.000058,9.6356,0.0273,0,,,,
23.244,2.7656,98.5423,1.4581,2.0907,-0.000016,0.000023,-0.000052,0.000059,9.6576,0.0284,0,,,,
23.294,2.8604,98.6350,0.4955,0.0460,-0.000015,0.000023,-0.000053,0.000060,9.6803,0.0295,0,,,,
23.344,2.8617,98.6400,1.0895,1.2774,-0.000014,0.000024,-0.000055,0.000062,9.7035,0.0306,0,,,,
23.393,2.8391,98.6163,-1.4898,-1.3529,-0.000014,0.000024,-0.000056,0.000062,9.7259,0.0317,0,,,,
23.443,2.8136,98.5893,-1.4293,-1.6260,-0.000014,0.000024,-0.000057,0.000064,9.7479,0.0328,0,,,,
23.494,2.6822,98.4591,-2.5196,-2.1713,-0.000013,0.000025,-0.000059,0.000065,9.7693,0.0339,0,,,,
23.544,2.5040,98.2790,-4.7937,-4.9209,-0.000013,0.000025,-0.000060,0.000066,9.7900,0.0348,0,,,,
23.593,2.3097,98.0851,-4.3631,-5.0947,-0.000012,0.000025,-0.000061,0.000067,9.8102,0.0356,0,,,,
23.644,2.0941,97.8797,-1.6946,-2.2494,-0.000011,0.000026,-0.000061,0.000068,9.8295,0.0364,0,,,,
23.694,2.0240,97.8032,-1.2874,-0.7331,-0.000011,0.000026,-0.000062,0.000068,9.8480,0.0370,0,,,,
23.744,1.9480,97.7255,-0.6114,-0.0840,-0.000010,0.000027,-0.000063,0.000069,9.8653,0.0376,0,,,,
23.794,1.9648,97.7399,-0.3668,-0.6991,-0.000009,0.000027,-0.000064,0.000070,9.8823,0.0382,0,,,,
23.844,1.9349,97.7126,-0.9140,-0.9618,-0.000009,0.000027,-0.000064,0.000070,9.8979,0.0387,0,,,,
23.893,1.8786,97.6540,-2.0000,-2.4242,-0.000008,0.000027,-0.000065,0.000071,9.9131,0.0392,0,,,,
23.945,1.7281,97.5034,-4.0181,-3.7495,-0.000007,0.000028,-0.000065,0.000071,9.9277,0.0397,0,,,,
23.994,1.4570,97.2328,-4.8928,-4.8119,-0.000007,0.000028,-0.000065,0.000071,9.9425,0.0401,0,,,,
24.044,1.1895,96.9660,-5.5117,-5.5084,-0.000006,0.000028,-0.000066,0.000072,9.9570,0.0404,0,,,,
24.094,0.9185,96.6943,-6.6783,-6.3458,-0.000006,0.000028,-0.000066,0.000072,9.9718,0.0407,0,,,,
24.144,0.5453,96.3224,-7.8385,-8.1292,-0.000005,0.000029,-0.000067,0.000073,9.9867,0.0409,0,,,,
24.193,0.1284,95.9069,-8.2712,-8.5795,-0.000005,0.000029,-0.000067,0.000073,10.0019,0.0410,0,,,,
24.244,-0.3041,95.4730,-7.1283,-7.0103,-0.000004,0.000029,-0.000068,0.000074,10.0169,0.0410,0,,,,
24.293,-0.6896,95.0935,-6.9365,-6.4696,-0.000004,0.000029,-0.000068,0.000074,10.0327,0.0409,0,,,,
24.344,-0.9525,94.8268,-5.0178,-4.5281,-0.000003,0.000029,-0.000069,0.000075,10.0487,0.0407,0,,,,
24.394,-1.1030,94.6744,-2.2596,-2.6752,-0.000002,0.000029,-0.000069,0.000075,10.0666,0.0404,0,,,,
24.443,-1.1967,94.5813,-1.8188,-2.1237,-0.000002,0.000029,-0.000070,0.000076,10.0841,0.0401,0,,,,
24.493,-1.3405,94.4525,-1.9727,-1.8444,-0.000001,0.000029,-0.000070,0.000076,10.1025,0.0397,0,,,,
24.545,-1.3990,94.3782,-0.6853,-0.8455,-0.000000,0.000030,-0.000070,0.000076,10.1215,0.0392,0,,,,
24.593,-1.3967,94.3845,1.5005,2.1684,0.000000,0.000029,-0.000071,0.000077,10.1414,0.0388,0,,,,
24.644,-1.2458,94.5326,2.9913,3.2351,0.000001,0.000029,-0.000071,0.000077,10.1614,0.0383,0,,,,
24.693,-1.1383,94.6394,2.4476,2.1600,0.000002,0.000029,-0.000072,0.000077,10.1816,0.0379,0,,,,
24.744,-1.0810,94.6933,1.1881,0.9059,0.000003,0.000029,-0.000072,0.000077,10.2021,0.0375,0,,,,
24.793,-1.0227,94.7554,1.1872,1.3308,0.000004,0.000029,-0.000072,0.000077,10.2220,0.0371,0,,,,
24.844,-0.9940,94.7799,-0.2826,-0.5452,0.000006,0.000028,-0.000072,0.000077,10.2418,0.0368,0,,,,
24.893,-0.9691,94.8120,2.1311,2.6880,0.000006,0.000028,-0.000072,0.000077,10.2612,0.0364,0,,,,
24.944,-0.8476,94.9306,2.6672,2.6634,0.000007,0.000027,-0.000072,0.000077,10.2803,0.0361,0,,,,
24.994,-0.7755,95.0008,1.6891,2.0269,0.000008,0.000027,-0.000072,0.000077,10.2979,0.0359,0,,,,
25.044,-0.7653,95.0121,-0.4010,-0.5504,0.000009,0.000026,-0.000072,0.000077,10.3147,0.0357,0,,,,
25.093,-0.8264,94.9508,-1.3937,-1.2770,0.000010,0.000026,-0.000071,0.000077,10.3311,0.0354,0,,,,
25.144,-0.9014,94.8771,-0.9308,-0.8831,0.000011,0.000026,-0.000071,0.000076,10.3473,0.0352,0,,,,
25.193,-0.9339,94.8447,0.0782,0.5014,0.000012,0.000025,-0.000071,0.000076,10.3635,0.0349,0,,,,
25.243,-0.9189,94.8580,0.7805,1.2219,0.000013,0.000025,-0.000070,0.000076,10.3803,0.0347,0,,,,
25.294,-0.8465,94.9296,1.0813,0.8908,0.000015,0.000024,-0.000070,0.000075,10.3980,0.0344,0,,,,
25.343,-0.8108,94.9682,-0.3792,-0.4221,0.000015,0.000024,-0.000069,0.000075,10.4169,0.0341,0,,,,
25.393,-0.8352,94.9455,-0.1992,0.3316,0.000017,0.000023,-0.000068,0.000074,10.4372,0.0338,0,,,,
25.444,-0.8373,94.9406,-0.2684,-0.0816,0.000018,0.000022,-0.000067,0.000073,10.4585,0.0335,0,,,,
25.494,-0.8538,94.9206,0.6811,0.0022,0.000018,0.000022,-0.000066,0.000072,10.4805,0.0332,0,,,,
25.544,-0.8615,94.9162,-0.2639,0.3056,0.000019,0.000021,-0.000065,0.000071,10.5035,0.0328,0,,,,
25.594,-0.8722,94.9092,-0.0879,-0.0798,0.000020,0.000020,-0.000063,0.000069,10.5273,0.0325,0,,,,
25.644,-0.8729,94.9031,-0.6489,-1.1400,0.000021,0.000019,-0.000062,0.000068,10.5519,0.0321,0,,,,
25.694,-0.9093,94.8711,0.5512,1.2630,0.000021,0.000018,-0.000060,0.000066,10.5764,0.0317,0,,,,
25.743,-0.9300,94.8477,-0.0376,-0.4169,0.000021,0.000017,-0.000058,0.000064,10.6018,0.0313,0,,,,
25.793,-0.8966,94.8792,-0.0570,-0.1266,0.000022,0.000017,-0.000057,0.000063,10.6273,0.0309,0,,,,
25.843,-0.8628,94.9139,1.6239,0.8156,0.000022,0.000016,-0.000055,0.000061,10.6522,0.0305,0,,,,
25.894,-0.9012,94.8771,0.3315,-0.2545,0.000022,0.000015,-0.000053,0.000059,10.6763,0.0301,0,,,,
25.944,-0.9042,94.8736,-0.4373,-0.0422,0.000021,0.000015,-0.000052,0.000058,10.7000,0.0298,0,,,,
25.994,-0.8661,94.9081,1.3207,0.1460,0.000021,0.000014,-0.000050,0.000056,10.7236,0.0294,0,,,,
26.044,-0.8641,94.9158,2.0351,1.6304,0.000021,0.000013,-0.000048,0.000054,10.7467,0.0290,0,,,,
26.093,-0.8380,94.9395,-0.2560,-0.1726,0.000021,0.000013,-0.000047,0.000053,10.7693,0.0287,0,,,,
26.143,-0.8498,94.9254,-0.6694,-1.6041,0.000020,0.000013,-0.000046,0.000052,10.7919,0.0284,0,,,,
26.194,-0.9444,94.8344,-0.9283,-1.5145,0.000019,0.000012,-0.000045,0.000051,10.8139,0.0280,0,,,,
26.243,-0.9722,94.8066,0.1321,0.6361,0.000019,0.000012,-0.000044,0.000050,10.8359,0.0277,0,,,,
26.294,-0.8833,94.8961,3.0973,3.0999,0.000018,0.000012,-0.000044,0.000049,10.8574,0.0273,0,,,,
26.344,-0.8261,94.9522,1.3898,1.0637,0.000018,0.000011,-0.000043,0.000048,10.8785,0.0270,0,,,,
26.394,-0.7619,95.0118,-0.5835,-0.8708,0.000017,0.000011,-0.000042,0.000047,10.9003,0.0267,0,,,,
26.444,-0.8279,94.9520,-1.0264,-0.2566,0.000016,0.000011,-0.000042,0.000046,10.9215,0.0264,0,,,,
26.494,-0.8944,94.8842,-0.5549,-0.5564,0.000016,0.000011,-0.000041,0.000046,10.9430,0.0261,0,,,,
26.543,-0.8698,94.9081,1.5806,0.8549,0.000015,0.000011,-0.000041,0.000045,10.9648,0.0258,0,,,,
26.593,-0.8499,94.9267,0.4551,0.3980,0.000014,0.000010,-0.000041,0.000045,10.9862,0.0254,0,,,,
26.644,-0.7961,94.9798,-0.1029,-0.1720,0.000013,0.000011,-0.000041,0.000044,11.0079,0.0251,0,,,,
26.694,-0.7965,94.9819,0.5342,1.0337,0.000013,0.000010,-0.000041,0.000044,11.0298,0.0248,0,,,,
26.743,-0.8415,94.9358,-0.9325,-0.8687,0.000012,0.000011,-0.000041,0.000044,11.0519,0.0245,0,,,,
26.794,-0.8335,94.9404,-0.4927,-0.5855,0.000011,0.000011,-0.000041,0.000044,11.0745,0.0242,0,,,,
26.843,-0.8075,94.9723,1.4290,2.1292,0.000011,0.000011,-0.000041,0.000044,11.0972,0.0238,0,,,,
26.894,-0.7358,95.0417,0.8807,0.8974,0.000010,0.000011,-0.000041,0.000044,11.1208,0.0235,0,,,,
26.944,-0.6998,95.0767,0.1038,0.2363,0.000009,0.000012,-0.000041,0.000044,11.1447,0.0232,0,,,,
26.993,-0.7113,95.0663,-0.0916,0.6388,0.000009,0.000012,-0.000041,0.000044,11.1680,0.0229,0,,,,
27.044,-0.7414,95.0372,-0.8120,-0.5916,0.000009,0.000012,-0.000041,0.000044,11.1908,0.0226,0,,,,
27.095,-0.7456,95.0295,-0.7251,-0.6026,0.000008,0.000013,-0.000041,0.000044,11.2138,0.0223,0,,,,
27.144,-0.7691,95.0102,-0.0503,0.4694,0.000008,0.000013,-0.000041,0.000044,11.2365,0.0220,0,,,,
27.194,-0.7427,95.0346,0.3047,0.2049,0.000007,0.000014,-0.000041,0.000044,11.2593,0.0217,0,,,,
27.244,-0.7320,95.0415,-0.8411,-0.5717,0.000007,0.000015,-0.000041,0.000044,11.2818,0.0215,0,,,,
27.294,-0.7607,95.0170,-0.4013,-0.0429,0.000007,0.000015,-0.000041,0.000044,11.3043,0.0212,0,,,,
27.344,-0.7358,95.0411,-0.1132,-0.3080,0.000007,0.000015,-0.000041,0.000044,11.3269,0.0209,0,,,,
27.394,-0.7306,95.0478,-0.0405,0.6342,0.000006,0.000016,-0.000041,0.000044,11.3491,0.0206,0,,,,
27.444,-0.7791,94.9988,-0.9887,-1.3909,0.000006,0.000017,-0.000041,0.000044,11.3709,0.0203,0,,,,
27.494,-0.8162,94.9607,-0.4328,-0.6559,0.000006,0.000017,-0.000040,0.000044,11.3931,0.0200,0,,,,
27.545,-0.7873,94.9940,2.2883,2.7197,0.000006,0.000018,-0.000040,0.000044,11.4154,0.0197,0,,,,
27.594,-0.7635,95.0150,0.0587,0.2186,0.000006,0.000018,-0.000040,0.000044,11.4379,0.0194,0,,,,
27.644,-0.7435,95.0305,-1.1436,-1.6830,0.000005,0.000019,-0.000040,0.000044,11.4609,0.0191,0,,,,
27.695,-0.7987,94.9787,-0.3757,-0.7425,0.000005,0.000019,-0.000039,0.000044,11.4832,0.0188,0,,,,
27.744,-0.8979,94.8797,-1.4781,-1.2046,0.000005,0.000020,-0.000039,0.000044,11.5062,0.0184,0,,,,
27.794,-0.9234,94.8533,-0.1005,-0.3000,0.000005,0.000020,-0.000039,0.000044,11.5287,0.0181,0,,,,
27.844,-0.8775,94.9017,1.6185,2.1593,0.000004,0.000021,-0.000039,0.000044,11.5514,0.0177,0,,,,
27.893,-0.8223,94.9536,0.0843,0.0554,0.000004,0.000022,-0.000038,0.000044,11.5743,0.0174,0,,,,
27.945,-0.8480,94.9257,-1.4453,-2.2140,0.000004,0.000022,-0.000038,0.000044,11.5972,0.0170,0,,,,
27.993,-0.9786,94.7989,-1.6513,-1.4864,0.000004,0.000022,-0.000038,0.000044,11.6198,0.0167,0,,,,
28.044,-1.0463,94.7333,-1.1492,-0.4617,0.000004,0.000023,-0.000038,0.000044,11.6424,0.0163,0,,,,
28.094,-1.0257,94.7511,0.7990,0.1939,0.000003,0.000023,-0.000038,0.000044,11.6632,0.0159,0,,,,
28.144,-1.0190,94.7564,0.1320,0.2744,0.000003,0.000023,-0.000038,0.000044,11.6885,0.0155,0,,,,
28.194,-1.0117,94.7637,-0.6573,-0.4189,0.000003,0.000024,-0.000037,0.000044,11.7073,0.0151,0,,,,
28.244,-1.0577,94.7186,-0.1227,-0.2763,0.000002,0.000024,-0.000037,0.000044,11.7314,0.0147,0,,,,
28.295,-1.1290,94.6494,-0.5638,-0.7166,0.000002,0.000024,-0.000037,0.000044,11.7537,0.0143,0,,,,
28.344,-1.1272,94.6468,-0.1693,-0.2405,0.000002,0.000025,-0.000037,0.000044,11.7758,0.0138,0,,,,
28.394,-1.0844,94.6922,1.2991,1.0624,0.000001,0.000025,-0.000037,0.000045,11.7988,0.0134,0,,,,
28.444,-1.0735,94.7044,0.3780,0.1237,0.000001,0.000025,-0.000037,0.000045,11.8214,0.0129,0,,,,
28.494,-1.0916,94.6829,-0.4758,-1.0742,0.000000,0.000026,-0.000036,0.000045,11.8447,0.0125,0,,,,
28.544,-1.1301,94.6468,-0.7636,-0.8197,-0.000000,0.000026,-0.000036,0.000045,11.8673,0.0121,0,,,,
28.595,-1.1926,94.5846,-0.9142,-1.2922,-0.000001,0.000027,-0.000036,0.000045,11.8900,0.0116,0,,,,
28.643,-1.2216,94.5544,-0.9868,-1.2170,-0.000001,0.000027,-0.000036,0.000045,11.9125,0.0111,0,,,,
28.694,-1.2472,94.5327,0.8794,0.6190,-0.000002,0.000028,-0.000036,0.000046,11.9349,0.0107,0,,,,
28.744,-1.3148,94.4615,-0.7928,-0.7542,-0.000002,0.000028,-0.000036,0.000046,11.9574,0.0102,0,,,,
28.794,-1.3446,94.4321,-1.0113,-1.2572,-0.000003,0.000029,-0.000036,0.000046,11.9795,0.0096,0,,,,
28.844,-1.3972,94.3817,0.1990,0.3874,-0.000003,0.000029,-0.000036,0.000046,12.0017,0.0091,0,,,,
28.894,-1.4170,94.3619,-0.0388,-0.1091,-0.000004,0.000030,-0.000036,0.000047,12.0238,0.0086,0,,,,
28.944,-1.4108,94.3658,-0.0051,-0.2263,-0.000004,0.000030,-0.000036,0.000047,12.0461,0.0080,0,,,,
28.995,-1.4914,94.2918,-0.5857,-0.9183,-0.000005,0.000031,-0.000036,0.000047,12.0676,0.0075,0,,,,
29.044,-1.5223,94.2555,-0.5878,-0.5635,-0.000005,0.000031,-0.000036,0.000048,12.0906,0.0069,0,,,,
29.094,-1.5004,94.2765,1.2407,0.7043,-0.000006,0.000032,-0.000036,0.000048,12.1130,0.0063,0,,,,
29.144,-1.5405,94.2367,-1.1969,-0.5439,-0.000007,0.000032,-0.000036,0.000049,12.1356,0.0057,0,,,,
29.194,-1.5109,94.2658,-0.0633,-0.0932,-0.000007,0.000033,-0.000036,0.000050,12.1582,0.0051,0,,,,
29.244,-1.5610,94.2141,0.4225,-0.0082,-0.000008,0.000033,-0.000037,0.000050,12.1811,0.0045,0,,,,
29.294,-1.6411,94.1356,-2.1119,-1.9815,-0.000008,0.000034,-0.000037,0.000051,12.2044,0.0038,0,,,,
29.344,-1.6763,94.1023,0.3685,-0.1654,-0.000009,0.000034,-0.000038,0.000052,12.2272,0.0032,0,,,,
29.394,-1.6003,94.1783,3.0327,2.6900,-0.000009,0.000034,-0.000038,0.000052,12.2513,0.0025,0,,,,
29.444,-1.5648,94.2104,-0.5055,-0.5513,-0.000010,0.000035,-0.000039,0.000053,12.2739,0.0018,0,,,,
29.494,-1.6276,94.1461,-1.3986,-1.4987,-0.000010,0.000035,-0.000040,0.000054,12.2962,0.0012,0,,,,
29.544,-1.7057,94.0752,-0.3665,-0.2170,-0.000011,0.000035,-0.000040,0.000055,12.3184,0.0006,0,,,,
29.594,-1.7646,94.0132,-0.9710,-1.0498,-0.000011,0.000036,-0.000041,0.000056,12.3411,-0.0001,0,,,,
29.644,-1.7375,94.0370,-0.0048,-0.3288,-0.000012,0.000036,-0.000042,0.000057,12.3635,-0.0008,0,,,,
29.694,-1.7172,94.0624,1.3119,1.6320,-0.000012,0.000036,-0.000043,0.000057,12.3853,-0.0015,0,,,,
29.744,-1.7583,94.0181,-0.3362,-0.5422,-0.000013,0.000036,-0.000044,0.000059,12.4075,-0.0021,0,,,,
29.795,-1.7713,94.0037,-1.3582,-0.6933,-0.000013,0.000036,-0.000046,0.000060,12.4293,-0.0028,0,,,,
29.844,-1.8457,93.9459,-1.3422,-1.5878,-0.000013,0.000037,-0.000047,0.000061,12.4511,-0.0035,0,,,,
29.894,-1.8096,93.9678,0.6350,1.0281,-0.000014,0.000037,-0.000048,0.000062,12.4736,-0.0042,0,,,,
29.944,-1.7515,94.0271,1.4254,1.7425,-0.000014,0.000037,-0.000050,0.000063,12.4964,-0.0049,0,,,,
29.994,-1.7697,94.0055,0.2721,0.3078,-0.000014,0.000037,-0.000051,0.000064,12.5191,-0.0056,0,,,,
30.044,-1.7546,94.0218,-0.4843,-0.4109,-0.000014,0.000037,-0.000052,0.000066,12.5443,-0.0064,0,,,,
30.094,-1.7774,94.0040,0.4006,0.2344,-0.000014,0.000037,-0.000054,0.000067,12.5666,-0.0071,0,,,,
30.144,-1.8009,93.9756,-0.6989,-0.5544,-0.000014,0.000038,-0.000055,0.000069,12.5899,-0.0078,0,,,,
30.194,-1.8089,93.9670,-0.7216,-0.6501,-0.000014,0.000038,-0.000057,0.000070,12.6124,-0.0085,0,,,,
30.244,-1.8815,93.8966,0.6674,0.7387,-0.000014,0.000038,-0.000059,0.000072,12.6346,-0.0092,0,,,,
30.294,-1.9021,93.8736,-1.2487,-1.3691,-0.000014,0.000038,-0.000060,0.000072,12.6568,-0.0100,0,,,,
30.344,-1.9262,93.8503,-1.1780,-1.5727,-0.000013,0.000038,-0.000062,0.000074,12.6796,-0.0107,0,,,,
30.395,-1.9820,93.7976,0.3497,0.3066,-0.000012,0.000038,-0.000064,0.000075,12.7021,-0.0115,0,,,,
30.444,-2.0161,93.7653,-0.7348,-0.2206,-0.000012,0.000038,-0.000065,0.000076,12.7244,-0.0123,0,,,,
30.494,-2.0416,93.7330,0.0488,-0.8573,-0.000011,0.000037,-0.000067,0.000077,12.7473,-0.0131,0,,,,
30.543,-2.0886,93.6891,-0.6088,-0.0798,-0.000010,0.000038,-0.000069,0.000079,12.7692,-0.0139,0,,,,
30.593,-2.0716,93.7053,-0.3778,-0.5972,-0.000009,0.000037,-0.000070,0.000080,12.7914,-0.0147,0,,,,
30.644,-2.0312,93.7461,1.3260,0.8406,-0.000008,0.000037,-0.000072,0.000081,12.8136,-0.0155,0,,,,
30.694,-2.0539,93.7314,-0.8447,-0.9848,-0.000007,0.000037,-0.000073,0.000082,12.8357,-0.0163,0,,,,
30.743,-2.1027,93.6716,-0.5621,-0.6615,-0.000005,0.000037,-0.000074,0.000083,12.8588,-0.0171,0,,,,
30.794,-2.1206,93.6575,0.4147,0.1850,-0.000004,0.000037,-0.000075,0.000084,12.8811,-0.0179,0,,,,
30.844,-2.1659,93.6107,-1.1580,-1.5311,-0.000002,0.000037,-0.000076,0.000085,12.9039,-0.0188,0,,,,
30.894,-2.1926,93.5845,-0.6210,-0.5721,-0.000001,0.000036,-0.000077,0.000085,12.9265,-0.0196,0,,,,
30.944,-2.1312,93.6480,2.8917,2.3860,0.000001,0.000036,-0.000078,0.000086,12.9491,-0.0205,0,,,,
30.994,-2.1488,93.6254,-0.2922,-0.4236,0.000003,0.000036,-0.000079,0.000087,12.9713,-0.0213,0,,,,
31.043,-2.1594,93.6158,-0.9313,-1.3180,0.000004,0.000036,-0.000079,0.000087,12.9958,-0.0223,0,,,,
31.094,-2.2291,93.5494,-0.6154,-0.8200,0.000006,0.000036,-0.000079,0.000087,13.0185,-0.0231,0,,,,
31.144,-2.2966,93.4840,-0.1174,-0.1040,0.000007,0.000035,-0.000079,0.000087,13.0408,-0.0240,0,,,,
31.194,-2.2679,93.5079,0.2832,-0.0356,0.000008,0.000035,-0.000079,0.000087,13.0632,-0.0249,0,,,,
31.244,-2.3115,93.4673,1.0801,1.9282,0.000010,0.000035,-0.000079,0.000087,13.0849,-0.0258,0,,,,
31.294,-2.2557,93.5209,0.4147,0.3699,0.000011,0.000035,-0.000079,0.000087,13.1067,-0.0266,0,,,,
31.344,-2.2334,93.5438,0.4877,-0.0088,0.000012,0.000034,-0.000079,0.000087,13.1285,-0.0275,0,,,,
31.394,-2.2712,93.5066,-1.0468,-0.6456,0.000013,0.000034,-0.000078,0.000087,13.1503,-0.0284,0,,,,
31.444,-2.2649,93.5125,0.2637,0.3055,0.000015,0.000034,-0.000078,0.000086,13.1724,-0.0292,0,,,,
31.494,-2.2717,93.5058,1.7471,1.7549,0.000015,0.000034,-0.000077,0.000086,13.1946,-0.0301,0,,,,
31.544,-2.2160,93.5615,0.6941,0.7061,0.000016,0.000034,-0.000076,0.000085,13.2169,-0.0310,0,,,,
31.594,-2.1812,93.5954,-0.3820,-0.1814,0.000017,0.000034,-0.000075,0.000084,13.2401,-0.0319,0,,,,
31.644,-2.2082,93.5710,-0.1505,0.1174,0.000018,0.000033,-0.000075,0.000084,13.2628,-0.0327,0,,,,
31.694,-2.2128,93.5648,0.0316,0.2589,0.000018,0.000033,-0.000074,0.000083,13.2853,-0.0336,0,,,,
31.744,-2.2080,93.5672,0.8058,0.7475,0.000019,0.000033,-0.000073,0.000082,13.3078,-0.0345,0,,,,
31.795,-2.1897,93.5888,0.5384,1.0063,0.000019,0.000033,-0.000072,0.000081,13.3300,-0.0353,0,,,,
31.844,-2.1746,93.6022,-0.7459,-0.9925,0.000019,0.000033,-0.000071,0.000081,13.3528,-0.0362,0,,,,
31.894,-2.1593,93.6164,-0.0848,-0.0894,0.000019,0.000033,-0.000070,0.000080,13.3753,-0.0371,0,,,,
31.944,-2.1458,93.6325,0.9672,1.2453,0.000019,0.000033,-0.000069,0.000079,13.3974,-0.0379,0,,,,
31.995,-2.1077,93.6668,0.5664,0.2812,0.000019,0.000033,-0.000068,0.000078,13.4199,-0.0387,0,,,,
32.044,-2.0650,93.7113,0.5980,0.7014,0.000020,0.000033,-0.000067,0.000077,13.4423,-0.0396,0,,,,
32.094,-2.0552,93.7234,0.3460,0.6600,0.000020,0.000033,-0.000066,0.000077,13.4645,-0.0404,0,,,,
32.143,-1.9994,93.7765,0.4717,-0.0361,0.000019,0.000033,-0.000066,0.000076,13.4867,-0.0411,0,,,,
32.194,-1.9791,93.8011,2.2005,2.2152,0.000019,0.000033,-0.000065,0.000075,13.5088,-0.0419,0,,,,
32.243,-1.9636,93.8116,0.1706,0.1085,0.000019,0.000033,-0.000064,0.000074,13.5307,-0.0427,0,,,,
32.294,-1.8815,93.8947,1.9880,1.3302,0.000019,0.000032,-0.000063,0.000074,13.5530,-0.0434,0,,,,
32.343,-1.8538,93.9246,0.6246,1.0249,0.000019,0.000032,-0.000063,0.000073,13.5747,-0.0441,0,,,,
32.394,-1.8348,93.9425,-0.6406,-0.9074,0.000019,0.000032,-0.000062,0.000072,13.5966,-0.0448,0,,,,
32.444,-1.8529,93.9279,1.1180,1.3358,0.000019,0.000032,-0.000061,0.000072,13.6182,-0.0455,0,,,,
32.494,-1.8092,93.9698,4.3281,3.8866,0.000019,0.000032,-0.000061,0.000071,13.6393,-0.0462,0,,,,
32.544,-1.5505,94.2268,5.3459,4.9712,0.000019,0.000032,-0.000060,0.000071,13.6607,-0.0468,0,,,,
32.593,-1.3344,94.4420,3.3368,3.5431,0.000019,0.000032,-0.000060,0.000070,13.6818,-0.0474,0,,,,
32.644,-1.1769,94.5960,1.4004,1.1378,0.000018,0.000032,-0.000059,0.000070,13.7026,-0.0478,0,,,,
32.694,-1.1640,94.6144,0.7288,0.8250,0.000018,0.000031,-0.000059,0.000069,13.7240,-0.0483,0,,,,
32.745,-1.2276,94.5496,-0.2304,-0.0460,0.000018,0.000031,-0.000058,0.000069,13.7449,-0.0487,0,,,,
32.795,-1.0885,94.6913,4.1298,4.3086,0.000018,0.000031,-0.000058,0.000068,13.7659,-0.0491,0,,,,
32.844,-0.8961,94.8821,3.8182,4.1874,0.000017,0.000031,-0.000058,0.000068,13.7858,-0.0495,0,,,,
32.894,-0.6570,95.1170,3.6566,2.8556,0.000017,0.000031,-0.000057,0.000067,13.8058,-0.0498,0,,,,
32.944,-0.5538,95.2231,1.9677,1.9360,0.000017,0.000030,-0.000057,0.000067,13.8249,-0.0500,0,,,,
32.994,-0.5308,95.2436,0.3290,-0.2325,0.000016,0.000031,-0.000057,0.000066,13.8445,-0.0502,0,,,,
33.044,-0.5505,95.2283,0.2741,0.6409,0.000016,0.000030,-0.000056,0.000066,13.8634,-0.0503,0,,,,
33.094,-0.4878,95.2901,1.4315,1.7284,0.000016,0.000030,-0.000056,0.000066,13.8825,-0.0505,0,,,,
33.143,-0.3656,95.4133,3.2111,3.2077,0.000016,0.000030,-0.000056,0.000065,13.9013,-0.0507,0,,,,
33.194,-0.2417,95.5359,1.9503,1.7375,0.000015,0.000030,-0.000056,0.000065,13.9206,-0.0508,0,,,,
33.244,-0.2166,95.5593,1.0464,0.8895,0.000015,0.000030,-0.000056,0.000065,13.9397,-0.0508,0,,,,
33.294,-0.1750,95.6021,0.8654,0.8378,0.000015,0.000030,-0.000055,0.000064,13.9587,-0.0509,0,,,,
33.344,-0.1317,95.6478,1.5858,1.7940,0.000014,0.000030,-0.000055,0.000064,13.9776,-0.0510,0,,,,
33.394,-0.0612,95.7168,1.3964,1.2750,0.000014,0.000030,-0.000055,0.000064,13.9961,-0.0510,0,,,,
33.444,-0.0093,95.7698,1.7348,1.3673,0.000014,0.000029,-0.000055,0.000064,14.0145,-0.0510,0,,,,
33.493,-0.0127,95.7601,-0.0659,0.1398,0.000014,0.000029,-0.000055,0.000064,14.0334,-0.0510,0,,,,
33.544,0.0064,95.7848,1.9074,2.2401,0.000013,0.000029,-0.000055,0.000064,14.0531,-0.0510,0,,,,
33.594,0.0859,95.8622,0.8993,0.6362,0.000013,0.000029,-0.000055,0.000064,14.0718,-0.0510,0,,,,
33.644,0.1768,95.9536,1.9395,1.3583,0.000013,0.000029,-0.000055,0.000063,14.0918,-0.0510,0,,,,
33.694,0.2299,96.0069,0.9629,1.0918,0.000013,0.000029,-0.000055,0.000063,14.1113,-0.0509,0,,,,
33.744,0.2588,96.0329,0.8504,0.4516,0.000013,0.000029,-0.000055,0.000063,14.1308,-0.0508,0,,,,
33.794,0.2669,96.0447,0.3214,0.6435,0.000013,0.000028,-0.000055,0.000063,14.1502,-0.0507,0,,,,
33.844,0.3029,96.0788,-0.3914,-0.5066,0.000013,0.000028,-0.000055,0.000063,14.1700,-0.0506,0,,,,
33.894,0.3219,96.1019,2.0848,2.5815,0.000012,0.000028,-0.000055,0.000063,14.1895,-0.0505,0,,,,
33.944,0.4308,96.2064,1.1523,0.8690,0.000012,0.000028,-0.000055,0.000063,14.2092,-0.0504,0,,,,
33.994,0.5060,96.2824,3.3228,2.7204,0.000012,0.000028,-0.000055,0.000062,14.2299,-0.0502,0,,,,
34.044,0.5492,96.3238,-0.2165,-0.2309,0.000012,0.000028,-0.000055,0.000062,14.2498,-0.0501,0,,,,
34.093,0.5958,96.3723,0.4546,0.0535,0.000013,0.000027,-0.000054,0.000062,14.2708,-0.0499,0,,,,
34.144,0.5941,96.3727,0.1685,0.7074,0.000013,0.000027,-0.000055,0.000062,14.2912,-0.0496,0,,,,
34.193,0.6194,96.3958,-0.4551,-0.3892,0.000013,0.000027,-0.000054,0.000062,14.3118,-0.0494,0,,,,
34.244,0.5939,96.3720,1.4989,1.8003,0.000013,0.000027,-0.000054,0.000062,14.3321,-0.0492,0,,,,
34.294,0.6370,96.4141,0.3098,0.3732,0.000013,0.000026,-0.000054,0.000062,14.3521,-0.0490,0,,,,
34.344,0.7398,96.5220,3.3186,2.7848,0.000013,0.000026,-0.000054,0.000062,14.3719,-0.0488,0,,,,
34.394,0.8051,96.5812,0.2313,0.2471,0.000013,0.000026,-0.000054,0.000061,14.3922,-0.0485,0,,,,
34.444,0.8709,96.6466,0.6228,0.1279,0.000013,0.000026,-0.000054,0.000061,14.4121,-0.0482,0,,,,
34.494,0.8121,96.5893,-0.1284,0.4714,0.000013,0.000025,-0.000054,0.000061,14.4314,-0.0479,0,,,,
34.544,0.8343,96.6112,-0.4500,-0.3727,0.000014,0.000025,-0.000054,0.000061,14.4507,-0.0476,0,,,,
34.594,0.8305,96.6110,1.0029,1.5623,0.000014,0.000025,-0.000053,0.000061,14.4696,-0.0474,0,,,,
34.644,0.8599,96.6330,-0.9032,-0.6773,0.000014,0.000025,-0.000053,0.000060,14.4882,-0.0471,0,,,,
34.694,0.8494,96.6288,0.8813,0.8983,0.000014,0.000025,-0.000053,0.000060,14.5069,-0.0468,0,,,,
34.744,0.7360,96.5367,-2.7443,-3.1485,0.000014,0.000024,-0.000053,0.000060,14.5252,-0.0466,0,,,,
34.794,0.6023,96.3799,-2.2882,-2.7160,0.000014,0.000024,-0.000052,0.000059,14.5443,-0.0463,0,,,,
34.844,0.3857,96.1633,-5.1127,-5.2167,0.000014,0.000024,-0.000052,0.000059,14.5634,-0.0461,0,,,,
34.894,0.2306,96.0085,-2.3375,-2.5463,0.000013,0.000024,-0.000052,0.000059,14.5831,-0.0460,0,,,,
34.944,0.1191,95.8902,-2.5930,-2.7025,0.000013,0.000024,-0.000051,0.000058,14.6023,-0.0460,0,,,,
34.994,-0.0268,95.7478,-2.9574,-3.1742,0.000013,0.000024,-0.000051,0.000058,14.6231,-0.0459,0,,,,
35.044,-0.1752,95.6024,-2.8502,-2.8523,0.000013,0.000025,-0.000050,0.000057,14.6433,-0.0460,0,,,,
35.093,-0.3223,95.4517,-3.2338,-3.4613,0.000012,0.000025,-0.000050,0.000057,14.6630,-0.0461,0,,,,
35.144,-0.4735,95.3051,-2.0930,-2.0140,0.000012,0.000025,-0.000050,0.000057,14.6839,-0.0462,0,,,,
35.194,-0.5572,95.2328,-1.2788,-1.4159,0.000011,0.000025,-0.000049,0.000057,14.7037,-0.0464,0,,,,
35.244,-0.6415,95.1359,-0.3751,-0.3246,0.000010,0.000026,-0.000049,0.000056,14.7245,-0.0466,0,,,,
35.294,-0.7032,95.0745,-1.3316,-1.5100,0.000009,0.000025,-0.000049,0.000056,14.7451,-0.0468,0,,,,
35.343,-0.7847,94.9922,-1.7108,-1.7202,0.000008,0.000026,-0.000049,0.000056,14.7646,-0.0471,0,,,,
35.394,-0.9016,94.8740,-3.1413,-3.3772,0.000008,0.000026,-0.000049,0.000056,14.7835,-0.0474,0,,,,
35.444,-0.9958,94.7829,-1.1266,-1.2163,0.000007,0.000026,-0.000049,0.000056,14.8010,-0.0476,0,,,,
35.494,-1.0912,94.6849,-1.2624,-1.6450,0.000006,0.000027,-0.000049,0.000056,14.8176,-0.0480,0,,,,
35.544,-1.1539,94.6219,-0.9121,-1.0216,0.000006,0.000027,-0.000050,0.000057,14.8323,-0.0483,0,,,,
35.594,-1.2030,94.5750,-0.7801,-0.9273,0.000005,0.000027,-0.000050,0.000057,14.8467,-0.0486,0,,,,
35.643,-1.2492,94.5288,-0.4882,-0.4012,0.000004,0.000027,-0.000050,0.000057,14.8599,-0.0488,0,,,,
35.694,-1.2612,94.5141,-0.3645,-0.4315,0.000004,0.000027,-0.000050,0.000057,14.8717,-0.0491,0,,,,
35.744,-1.3138,94.4614,-0.6996,-1.0574,0.000004,0.000027,-0.000051,0.000058,14.8838,-0.0494,0,,,,
35.794,-1.3709,94.4070,-0.5368,-0.5123,0.000003,0.000027,-0.000051,0.000058,14.8951,-0.0496,0,,,,
35.843,-1.3830,94.3947,0.0083,0.2079,0.000003,0.000028,-0.000051,0.000058,14.9060,-0.0499,0,,,,
35.893,-1.3625,94.4138,0.1421,0.1097,0.000003,0.000028,-0.000052,0.000059,14.9171,-0.0502,0,,,,
35.944,-1.4110,94.3667,-1.4734,-1.3896,0.000002,0.000028,-0.000052,0.000059,14.9281,-0.0504,0,,,,
35.993,-1.4930,94.2816,-0.4958,-0.3387,0.000002,0.000028,-0.000053,0.000060,14.9388,-0.0507,0,,,,
36.044,-1.4854,94.2920,0.0076,-0.0026,0.000002,0.000028,-0.000053,0.000060,14.9500,-0.0510,0,,,,
36.094,-1.5619,94.2141,-2.5011,-2.7223,0.000001,0.000028,-0.000054,0.000061,14.9618,-0.0513,0,,,,
36.144,-1.6486,94.1305,-0.5872,-0.5245,0.000001,0.000028,-0.000054,0.000061,14.9736,-0.0516,0,,,,
36.193,-1.6307,94.1464,0.9173,0.6665,0.000001,0.000029,-0.000055,0.000062,14.9856,-0.0520,0,,,,
36.243,-1.6695,94.1058,-0.6349,-0.8654,0.000001,0.000029,-0.000055,0.000062,14.9981,-0.0524,0,,,,
36.296,-1.7342,94.0448,-1.0138,-1.0928,0.000000,0.000029,-0.000056,0.000063,15.0106,-0.0527,0,,,,
36.343,-1.7774,93.9991,-1.0853,-1.4201,0.000000,0.000029,-0.000057,0.000064,15.0237,-0.0531,0,,,,
36.394,-1.8318,93.9478,-0.2085,-0.0438,0.000000,0.000029,-0.000057,0.000064,15.0364,-0.0535,0,,,,
36.444,-1.7872,93.9919,1.0666,0.8885,-0.000000,0.000030,-0.000058,0.000065,15.0488,-0.0539,0,,,,
36.494,-1.8400,93.9349,-1.2265,-1.5240,-0.000000,0.000030,-0.000059,0.000066,15.0617,-0.0543,0,,,,
36.544,-1.9438,93.8352,-1.6258,-1.3557,-0.000000,0.000030,-0.000060,0.000067,15.0741,-0.0547,0,,,,
36.593,-1.9670,93.8095,-0.0005,-0.2526,-0.000000,0.000030,-0.000060,0.000067,15.0860,-0.0551,0,,,,
36.644,-1.9985,93.7788,-1.0087,-1.1260,-0.000000,0.000030,-0.000061,0.000068,15.0983,-0.0556,0,,,,
36.693,-2.0688,93.7098,-0.9136,-0.6925,-0.000000,0.000030,-0.000062,0.000069,15.1102,-0.0560,0,,,,
36.744,-2.1145,93.6611,0.1762,-0.1406,-0.000000,0.000030,-0.000063,0.000069,15.1220,-0.0564,0,,,,
36.794,-2.1375,93.6399,-0.6341,-1.0022,-0.000000,0.000030,-0.000063,0.000070,15.1337,-0.0568,0,,,,
36.844,-2.1981,93.5804,-0.7906,-0.6866,-0.000000,0.000030,-0.000064,0.000071,15.1452,-0.0573,0,,,,
36.894,-2.1876,93.5920,0.5302,0.0736,0.000000,0.000030,-0.000065,0.000072,15.1567,-0.0577,0,,,,
36.944,-2.1969,93.5794,-0.8837,-1.0386,0.000000,0.000031,-0.000065,0.000072,15.1683,-0.0582,0,,,,
36.994,-2.2894,93.4876,-0.5124,-0.2347,0.000000,0.000031,-0.000066,0.000073,15.1798,-0.0586,0,,,,
37.044,-2.2965,93.4812,-0.1530,-0.3716,0.000001,0.000031,-0.000067,0.000074,15.1916,-0.0591,0,,,,
37.094,-2.3251,93.4521,-0.7522,-0.7995,0.000001,0.000031,-0.000068,0.000074,15.2031,-0.0595,0,,,,
37.144,-2.3900,93.4000,-1.3927,-1.2791,0.000001,0.000031,-0.000068,0.000075,15.2146,-0.0600,0,,,,
37.194,-2.3944,93.3821,-0.0819,-0.0910,0.000001,0.000031,-0.000069,0.000075,15.2268,-0.0605,0,,,,
37.244,-2.4842,93.2862,-1.5798,-1.7033,0.000002,0.000031,-0.000070,0.000076,15.2393,-0.0611,0,,,,
37.294,-2.5349,93.2448,0.4254,0.9331,0.000002,0.000031,-0.000071,0.000077,15.2523,-0.0616,0,,,,
37.344,-2.4598,93.3160,1.4740,1.4178,0.000002,0.000031,-0.000071,0.000078,15.2648,-0.0622,0,,,,
37.394,-2.4290,93.3465,-0.5918,-1.2262,0.000003,0.000031,-0.000072,0.000078,15.2777,-0.0627,0,,,,
37.443,-2.5132,93.2656,-1.1062,-1.0277,0.000003,0.000031,-0.000073,0.000079,15.2903,-0.0633,0,,,,
37.493,-2.6100,93.1611,-1.3774,-1.4791,0.000004,0.000031,-0.000073,0.000080,15.3024,-0.0638,0,,,,
37.544,-2.7152,93.0616,-2.0463,-1.8417,0.000004,0.000031,-0.000074,0.000080,15.3149,-0.0644,0,,,,
37.594,-2.7236,93.0563,1.4228,1.4654,0.000004,0.000031,-0.000074,0.000081,15.3269,-0.0650,0,,,,
37.644,-2.6420,93.1378,1.5824,1.4764,0.000005,0.000031,-0.000075,0.000081,15.3382,-0.0655,0,,,,
37.694,-2.6545,93.1225,-1.4143,-1.5514,0.000006,0.000031,-0.000075,0.000082,15.3493,-0.0660,0,,,,
37.744,-2.7892,92.9890,-1.3489,-1.2400,0.000006,0.000031,-0.000076,0.000082,15.3593,-0.0665,0,,,,
37.793,-2.8138,92.9647,0.1595,0.5320,0.000006,0.000031,-0.000076,0.000082,15.3681,-0.0669,0,,,,
37.844,-2.7866,92.9909,0.5646,0.2489,0.000007,0.000031,-0.000076,0.000083,15.3759,-0.0673,0,,,,
37.894,-2.7866,92.9900,-0.4418,-0.7182,0.000007,0.000031,-0.000077,0.000083,15.3829,-0.0676,0,,,,
37.944,-2.8477,92.9299,-1.1966,-1.2110,0.000007,0.000031,-0.000077,0.000083,15.3891,-0.0679,0,,,,
37.994,-2.9117,92.8649,0.1001,0.2809,0.000008,0.000031,-0.000077,0.000083,15.3948,-0.0682,0,,,,
38.044,-2.9085,92.8689,-0.1125,-0.1597,0.000008,0.000031,-0.000077,0.000083,15.4002,-0.0685,0,,,,
38.094,-2.9118,92.8659,-0.0118,0.2139,0.000008,0.000031,-0.000077,0.000084,15.4051,-0.0687,0,,,,
38.144,-2.9036,92.8738,0.2688,0.2233,0.000009,0.000031,-0.000077,0.000084,15.4103,-0.0690,0,,,,
38.193,-2.9039,92.8729,-0.2620,-0.6076,0.000009,0.000031,-0.000077,0.000084,15.4155,-0.0693,0,,,,
38.244,-3.0058,92.7700,-1.9170,-1.9764,0.000009,0.000031,-0.000078,0.000084,15.4210,-0.0696,0,,,,
38.293,-3.0979,92.6813,-0.8541,-0.6188,0.000009,0.000031,-0.000078,0.000084,15.4266,-0.0699,0,,,,
38.343,-3.0672,92.7114,1.1353,1.2019,0.000010,0.000031,-0.000078,0.000084,15.4326,-0.0702,0,,,,
38.393,-3.0134,92.7652,0.8820,0.9597,0.000010,0.000031,-0.000078,0.000085,15.4386,-0.0705,0,,,,
38.443,-2.9873,92.7898,0.0949,0.0678,0.000010,0.000031,-0.000078,0.000085,15.4450,-0.0708,0,,,,
38.493,-3.0742,92.7018,-1.2507,-1.3544,0.000011,0.000031,-0.000078,0.000085,15.4516,-0.0712,0,,,,
38.543,-3.1564,92.6169,-1.7979,-2.0138,0.000011,0.000031,-0.000078,0.000085,15.4582,-0.0715,0,,,,
38.594,-3.2066,92.5721,-0.1452,-0.1020,0.000011,0.000031,-0.000078,0.000085,15.4654,-0.0719,0,,,,
38.644,-3.1799,92.5981,0.7437,0.9474,0.000012,0.000031,-0.000079,0.000085,15.4726,-0.0723,0,,,,
38.693,-3.1449,92.6322,0.4465,0.2737,0.000012,0.000031,-0.000079,0.000085,15.4792,-0.0727,0,,,,
38.744,-3.1867,92.5886,-0.3431,-0.2790,0.000013,0.000031,-0.000079,0.000086,15.4862,-0.0731,0,,,,
38.794,-3.2474,92.5297,-1.6477,-2.0786,0.000013,0.000031,-0.000079,0.000086,15.4926,-0.0735,0,,,,
38.844,-3.3240,92.4564,-0.6862,-0.4483,0.000013,0.000031,-0.000079,0.000086,15.4980,-0.0738,0,,,,
38.893,-3.3176,92.4609,0.4937,0.4969,0.000014,0.000031,-0.000079,0.000086,15.5031,-0.0741,0,,,,
38.944,-3.2669,92.5112,1.2435,1.2276,0.000014,0.000031,-0.000079,0.000086,15.5066,-0.0743,0,,,,
38.993,-3.2696,92.5034,0.4326,0.2009,0.000014,0.000031,-0.000079,0.000086,15.5088,-0.0744,0,,,,
39.043,-3.2681,92.5090,-0.0054,-0.1620,0.000014,0.000031,-0.000079,0.000086,15.5104,-0.0745,0,,,,
39.093,-3.2908,92.4860,-0.5752,-0.6325,0.000014,0.000031,-0.000079,0.000086,15.5110,-0.0745,0,,,,
39.143,-3.3191,92.4596,-0.2527,-0.1293,0.000014,0.000031,-0.000079,0.000086,15.5106,-0.0745,0,,,,
39.194,-3.3102,92.4679,0.4065,0.4641,0.000014,0.000031,-0.000079,0.000086,15.5101,-0.0745,0,,,,
39.244,-3.3174,92.4587,0.8107,0.5962,0.000014,0.000031,-0.000079,0.000086,15.5092,-0.0744,0,,,,
39.293,-3.2894,92.4839,-0.0768,-0.4012,0.000014,0.000031,-0.000079,0.000086,15.5084,-0.0744,0,,,,
39.343,-3.3341,92.4431,-0.8432,-0.7385,0.000014,0.000031,-0.000079,0.000086,15.5078,-0.0743,0,,,,
39.393,-3.3584,92.4196,-0.0940,-0.0289,0.000014,0.000031,-0.000079,0.000086,15.5073,-0.0743,0,,,,
39.443,-3.3570,92.4195,-0.0052,-0.0262,0.000014,0.000031,-0.000079,0.000086,15.5072,-0.0743,0,,,,
39.494,-3.4059,92.3693,-0.0170,0.0036,0.000014,0.000031,-0.000079,0.000086,15.5072,-0.0743,0,,,,
39.543,-3.4054,92.3713,0.1986,0.3336,0.000014,0.000031,-0.000079,0.000086,15.5073,-0.0743,0,,,,
39.594,-3.3983,92.3785,0.1068,-0.1478,0.000014,0.000031,-0.000079,0.000086,15.5075,-0.0743,0,,,,
39.644,-3.4047,92.3730,-0.1066,-0.0168,0.000014,0.000031,-0.000079,0.000086,15.5075,-0.0743,0,,,,
39.693,-3.4080,92.3695,0.0618,0.0028,0.000014,0.000031,-0.000079,0.000086,15.5075,-0.0743,0,,,,
39.743,-3.4448,92.3295,0.1119,0.0402,0.000014,0.000031,-0.000079,0.000086,15.5075,-0.0743,0,,,,
39.793,-3.4469,92.3305,0.1259,0.1825,0.000014,0.000031,-0.000079,0.000086,15.5072,-0.0743,0,,,,
39.843,-3.4476,92.3297,-0.0268,0.0145,0.000014,0.000031,-0.000079,0.000086,15.5072,-0.0743,0,,,,
39.894,-3.4515,92.3258,-0.0647,0.1339,0.000014,0.000031,-0.000079,0.000086,15.5072,-0.0743,0,,,,
39.943,-3.4514,92.3261,0.0667,-0.0194,0.000014,0.000031,-0.000079,0.000086,15.5073,-0.0743,0,,,,
39.994,-3.4936,92.2821,0.0052,-0.0078,0.000014,0.000031,-0.000079,0.000086,15.5073,-0.0743,0,,,,
40.044,-3.4934,92.2851,0.1050,0.0750,0.000014,0.000031,-0.000079,0.000086,15.5074,-0.0743,0,,,,
40.094,-3.4915,92.2858,-0.0107,-0.0581,0.000014,0.000031,-0.000079,0.000086,15.5073,-0.0743,0,,,,
40.143,-3.4921,92.2851,0.0109,0.1471,0.000014,0.000031,-0.000079,0.000086,15.5073,-0.0743,0,,,,
40.193,-3.4913,92.2855,0.0324,-0.2238,0.000014,0.000031,-0.000079,0.000086,15.5073,-0.0743,0,,,,
40.244,-3.5335,92.2429,0.0076,-0.0625,0.000014,0.000031,-0.000079,0.000086,15.5073,-0.0743,0,,,,
40.294,-3.5332,92.2439,0.0737,0.1648,0.000014,0.000031,-0.000079,0.000086,15.5073,-0.0743,0,,,,
40.343,-3.5372,92.2421,-0.1038,-0.0933,0.000014,0.000031,-0.000079,0.000086,15.5073,-0.0743,0,,,,
40.394,-3.5368,92.2410,-0.0242,-0.1467,0.000014,0.000031,-0.000079,0.000086,15.5073,-0.0743,0,,,,
40.443,-3.5357,92.2410,0.0428,-0.0425,0.000014,0.000031,-0.000079,0.000086,15.5073,-0.0743,0,,,,
40.493,-3.5766,92.1989,-0.0063,0.0850,0.000014,0.000031,-0.000079,0.000086,15.5073,-0.0743,0,,,,
40.544,-3.5779,92.1989,0.0938,0.1085,0.000014,0.000031,-0.000079,0.000086,15.5073,-0.0743,0,,,,
40.593,-3.5782,92.1989,0.0361,0.1420,0.000014,0.000031,-0.000079,0.000086,15.5073,-0.0743,0,,,,
40.643,-3.5791,92.1989,0.0021,0.1223,0.000014,0.000031,-0.000079,0.000086,15.5073,-0.0743,0,,,,
40.693,-3.5786,92.1989,0.0615,-0.0274,0.000014,0.000031,-0.000079,0.000086,15.5073,-0.0743,0,,,,
40.744,-3.6193,92.1568,0.0212,0.0633,0.000014,0.000031,-0.000079,0.000086,15.5073,-0.0743,0,,,,
40.794,-3.6203,92.1568,0.0112,0.1854,0.000014,0.000031,-0.000079,0.000086,15.5073,-0.0743,0,,,,
40.843,-3.6205,92.1568,0.0281,-0.1849,0.000014,0.000031,-0.000079,0.000086,15.5073,-0.0743,0,,,,
40.893,-3.6207,92.1568,0.0176,0.2074,0.000014,0.000031,-0.000079,0.000086,15.5073,-0.0743,0,,,,
40.944,-3.6227,92.1568,0.0636,0.0606,0.000014,0.000031,-0.000079,0.000086,15.5073,-0.0743,0,,,,
40.994,-3.6611,92.1146,0.0675,-0.0162,0.000014,0.000031,-0.000079,0.000086,15.5073,-0.0743,0,,,,
41.043,-3.6625,92.1146,0.0429,-0.3930,0.000014,0.000031,-0.000079,0.000086,15.5073,-0.0743,0,,,,
41.093,-3.6655,92.1146,0.0363,-0.0220,0.000014,0.000031,-0.000079,0.000086,15.5073,-0.0743,0,,,,
41.143,-3.6627,92.1146,0.0947,-0.0222,0.000014,0.000031,-0.000079,0.000086,15.5073,-0.0743,0,,,,
41.194,-3.6634,92.1146,-0.0069,0.1184,0.000014,0.000031,-0.000079,0.000086,15.5073,-0.0743,0,,,,
41.245,-3.7013,92.0726,0.0060,-0.0442,0.000014,0.000031,-0.000079,0.000086,15.5073,-0.0743,0,,,,
41.294,-3.7054,92.0726,0.0790,0.1014,0.000014,0.000031,-0.000079,0.000086,15.5072,-0.0743,0,,,,
41.344,-3.7044,92.0726,0.1073,0.1183,0.000014,0.000031,-0.000079,0.000086,15.5072,-0.0743,0,,,,
41.393,-3.7035,92.0726,0.0346,0.1322,0.000014,0.000031,-0.000079,0.000086,15.5072,-0.0743,0,,,,
41.443,-3.7041,92.0726,0.0842,-0.0151,0.000014,0.000031,-0.000079,0.000086,15.5072,-0.0743,0,,,,
41.493,-3.7465,92.0305,-0.0722,-0.0995,0.000014,0.000031,-0.000079,0.000086,15.5072,-0.0743,0,,,,
41.545,-3.7460,92.0305,0.1042,-0.1170,0.000014,0.000031,-0.000079,0.000086,15.5072,-0.0743,0,,,,
41.594,-3.7469,92.0305,-0.0169,0.1563,0.000014,0.000031,-0.000079,0.000086,15.5072,-0.0743,0,,,,
41.644,-3.7473,92.0305,0.0532,-0.0536,0.000014,0.000031,-0.000079,0.000086,15.5072,-0.0743,0,,,,
41.694,-3.7461,92.0305,0.1126,0.0036,0.000014,0.000031,-0.000079,0.000086,15.5072,-0.0743,0,,,,
41.744,-3.7893,91.9884,-0.0825,-0.1297,0.000014,0.000031,-0.000079,0.000086,15.5072,-0.0743,0,,,,
41.794,-3.7887,91.9884,0.0619,-0.1009,0.000014,0.000031,-0.000079,0.000086,15.5072,-0.0743,0,,,,
41.844,-3.7903,91.9884,0.0306,-0.0096,0.000014,0.000031,-0.000079,0.000086,15.5072,-0.0743,0,,,,
41.894,-3.7891,91.9884,0.0072,-0.0251,0.000014,0.000031,-0.000079,0.000086,15.5072,-0.0743,0,,,,
41.943,-3.7882,91.9884,0.1030,0.0524,0.000014,0.000031,-0.000079,0.000086,15.5072,-0.0743,0,,,,
41.994,-3.8293,91.9462,-0.0204,0.1154,0.000014,0.000031,-0.000079,0.000086,15.5072,-0.0743,0,,,,
42.044,-3.8315,91.9462,0.0121,-0.0032,0.000014,0.000031,-0.000079,0.000086,15.5072,-0.0743,0,,,,
42.093,-3.8314,91.9462,0.0281,0.1205,0.000014,0.000031,-0.000079,0.000086,15.5072,-0.0743,0,,,,
42.144,-3.8305,91.9462,0.0843,0.1638,0.000014,0.000031,-0.000079,0.000086,15.5072,-0.0743,0,,,,
42.193,-3.8315,91.9462,0.0342,-0.2096,0.000014,0.000031,-0.000079,0.000086,15.5072,-0.0743,0,,,,
42.244,-3.8726,91.9040,0.1024,-0.1525,0.000014,0.000031,-0.000079,0.000086,15.5072,-0.0743,0,,,,
42.294,-3.8724,91.9040,0.0786,0.0696,0.000014,0.000031,-0.000079,0.000086,15.5072,-0.0743,0,,,,
42.345,-3.8729,91.9040,0.1072,-0.0096,0.000014,0.000031,-0.000079,0.000086,15.5072,-0.0743,0,,,,
42.394,-3.8735,91.9040,-0.0178,-0.0041,0.000014,0.000031,-0.000079,0.000086,15.5072,-0.0743,0,,,,
42.443,-3.8747,91.9040,-0.0650,0.1512,0.000014,0.000031,-0.000079,0.000086,15.5072,-0.0743,0,,,,
42.494,-3.9148,91.8618,0.0666,-0.1003,0.000014,0.000031,-0.000079,0.000086,15.5072,-0.0743,0,,,,
42.544,-3.9156,91.8618,0.0472,-0.0731,0.000014,0.000031,-0.000079,0.000086,15.5072,-0.0743,0,,,,
42.594,-3.9176,91.8618,0.0173,-0.0061,0.000014,0.000031,-0.000079,0.000086,15.5072,-0.0743,0,,,,
42.644,-3.9161,91.8618,0.0431,0.1425,0.000014,0.000031,-0.000079,0.000086,15.5072,-0.0743,0,,,,
42.694,-3.9153,91.8618,0.0401,-0.0594,0.000014,0.000031,-0.000079,0.000086,15.5072,-0.0743,0,,,,
42.744,-3.9564,91.8196,0.0641,-0.0723,0.000014,0.000031,-0.000079,0.000086,15.5072,-0.0743,0,,,,
42.794,-3.9579,91.8196,0.0262,0.0092,0.000014,0.000031,-0.000079,0.000086,15.5072,-0.0743,0,,,,
42.844,-3.9580,91.8196,0.0454,-0.0131,0.000014,0.000031,-0.000079,0.000086,15.5072,-0.0743,0,,,,
42.894,-3.9596,91.8196,0.0584,-0.1875,0.000014,0.000031,-0.000079,0.000086,15.5072,-0.0743,0,,,,
42.944,-3.9569,91.8196,0.0665,-0.1083,0.000014,0.000031,-0.000079,0.000086,15.5072,-0.0743,0,,,,
42.994,-3.9989,91.7774,0.0552,0.0622,0.000014,0.000031,-0.000079,0.000086,15.5072,-0.0743,0,,,,
43.044,-3.9991,91.7774,0.0618,-0.0498,0.000014,0.000031,-0.000079,0.000086,15.5072,-0.0743,0,,,,
43.093,-4.0010,91.7774,0.0393,0.1146,0.000014,0.000031,-0.000079,0.000086,15.5072,-0.0743,0,,,,
43.144,-4.0004,91.7774,0.1912,0.1708,0.000014,0.000031,-0.000079,0.000086,15.5072,-0.0743,0,,,,
43.194,-3.9985,91.7774,0.0926,-0.2141,0.000014,0.000031,-0.000079,0.000086,15.5072,-0.0743,0,,,,
43.245,-4.0409,91.7352,0.0212,-0.0610,0.000014,0.000031,-0.000079,0.000086,15.5072,-0.0743,0,,,,
43.294,-4.0421,91.7352,0.0032,0.0528,0.000014,0.000031,-0.000079,0.000086,15.5072,-0.0743,0,,,,
43.344,-4.0420,91.7352,0.1382,0.0776,0.000014,0.000031,-0.000079,0.000086,15.5072,-0.0743,0,,,,
43.394,-4.0418,91.7352,-0.0300,-0.0658,0.000014,0.000031,-0.000079,0.000086,15.5076,-0.0743,0,,,,
43.444,-4.0432,91.7352,-0.0253,-0.1055,0.000014,0.000031,-0.000079,0.000086,15.5082,-0.0744,0,,,,
43.494,-4.0604,91.7149,0.6868,0.6856,0.000014,0.000031,-0.000079,0.000086,15.5096,-0.0745,0,,,,
43.544,-4.0436,91.7339,0.2635,0.3246,0.000014,0.000031,-0.000079,0.000086,15.5112,-0.0746,0,,,,
43.594,-4.0526,91.7245,-0.5713,-0.6639,0.000015,0.000031,-0.000079,0.000086,15.5143,-0.0748,0,,,,
43.644,-4.0890,91.6876,-0.5237,-0.6006,0.000015,0.000031,-0.000079,0.000086,15.5185,-0.0751,0,,,,
43.694,-4.0834,91.6951,0.6823,0.7071,0.000015,0.000031,-0.000079,0.000086,15.5228,-0.0754,0,,,,
43.744,-4.1442,91.6308,-1.2911,-1.7705,0.000016,0.000031,-0.000079,0.000086,15.5289,-0.0758,0,,,,
43.794,-4.2150,91.5621,-0.8627,-0.7782,0.000016,0.000031,-0.000079,0.000086,15.5356,-0.0763,0,,,,
43.844,-4.2179,91.5600,0.3188,0.2934,0.000016,0.000031,-0.000079,0.000086,15.5428,-0.0769,0,,,,
43.894,-4.1965,91.5802,0.1623,-0.1335,0.000017,0.000031,-0.000079,0.000086,15.5491,-0.0773,0,,,,
43.944,-4.2158,91.5590,-0.5055,-0.6035,0.000017,0.000030,-0.000079,0.000086,15.5549,-0.0777,0,,,,
43.994,-4.2987,91.4777,-0.8809,-1.0037,0.000017,0.000030,-0.000079,0.000086,15.5599,-0.0781,0,,,,
44.044,-4.3546,91.4240,-0.8497,-0.7843,0.000018,0.000030,-0.000079,0.000086,15.5642,-0.0784,0,,,,
44.094,-4.3630,91.4166,0.3395,0.4713,0.000018,0.000030,-0.000079,0.000086,15.5665,-0.0786,0,,,,
44.144,-4.3303,91.4469,0.7571,0.6282,0.000018,0.000030,-0.000079,0.000086,15.5679,-0.0787,0,,,,
44.194,-4.3103,91.4660,0.0772,0.1088,0.000018,0.000030,-0.000079,0.000086,15.5679,-0.0787,0,,,,
44.244,-4.3682,91.4035,-0.7641,-0.8280,0.000018,0.000030,-0.000079,0.000086,15.5672,-0.0787,0,,,,
44.294,-4.4139,91.3652,-0.3888,-0.0938,0.000018,0.000030,-0.000079,0.000086,15.5661,-0.0786,0,,,,
44.344,-4.3854,91.3929,0.9917,0.9128,0.000018,0.000030,-0.000079,0.000086,15.5649,-0.0785,0,,,,
44.394,-4.3446,91.4332,0.5081,0.3726,0.000018,0.000030,-0.000079,0.000086,15.5642,-0.0785,0,,,,
44.443,-4.3390,91.4382,-0.0276,0.0130,0.000018,0.000030,-0.000079,0.000086,15.5638,-0.0784,0,,,,
44.493,-4.3947,91.3815,-0.4083,-0.3677,0.000018,0.000030,-0.000079,0.000086,15.5639,-0.0784,0,,,,
44.544,-4.4204,91.3564,-0.2709,-0.1252,0.000018,0.000030,-0.000079,0.000086,15.5642,-0.0785,0,,,,
44.593,-4.4164,91.3616,0.5080,0.4789,0.000018,0.000030,-0.000079,0.000086,15.5645,-0.0785,0,,,,
44.643,-4.3968,91.3782,0.2536,0.1942,0.000018,0.000030,-0.000079,0.000086,15.5646,-0.0785,0,,,,
44.693,-4.4112,91.3641,-0.4619,-0.6069,0.000018,0.000030,-0.000079,0.000086,15.5647,-0.0785,0,,,,
44.744,-4.4655,91.3113,0.1009,0.1016,0.000018,0.000030,-0.000079,0.000086,15.5645,-0.0785,0,,,,
44.794,-4.4551,91.3215,0.2018,0.1646,0.000018,0.000030,-0.000079,0.000086,15.5645,-0.0785,0,,,,
