t_s,fused_yaw_deg,ahrs_yaw_deg,diff_deg
0.000,0.1500,92.3326,-92.1827
0.001,0.1521,92.3336,-92.1815
0.025,0.1487,92.3342,-92.1855
0.041,0.1448,92.3345,-92.1897
0.068,0.1497,92.3340,-92.1842
0.070,0.1509,92.3339,-92.1830
0.103,0.1571,92.3341,-92.1771
0.105,0.1531,92.3340,-92.1810
0.106,0.1550,92.3351,-92.1801
0.129,0.1538,92.3354,-92.1817
0.130,0.1571,92.3354,-92.1783
0.131,0.1627,92.3354,-92.1727
0.306,0.1605,92.3354,-92.1750
0.417,0.1687,92.3383,-92.1696
0.581,0.1535,92.3401,-92.1866
0.628,0.1486,92.3400,-92.1914
0.691,0.1608,92.3474,-92.1866
0.695,0.1636,92.3474,-92.1838
0.765,0.1697,92.3474,-92.1777
0.801,0.1687,92.3474,-92.1787
0.957,0.1561,92.3495,-92.1933
0.999,0.1603,92.3495,-92.1892
1.001,0.1695,92.3495,-92.1800
1.027,0.1720,92.3495,-92.1775
1.089,0.1714,92.3495,-92.1780
1.119,0.1725,92.3495,-92.1770
1.144,0.1739,92.3519,-92.1780
1.201,0.1743,92.3519,-92.1776
1.255,0.1761,92.3519,-92.1758
1.286,0.1747,92.3519,-92.1772
1.345,0.1748,92.3519,-92.1771
1.386,0.1756,92.3543,-92.1788
1.435,0.1756,92.3543,-92.1788
1.489,0.1763,92.3543,-92.1780
1.526,0.1766,92.3569,-92.1803
1.578,0.1833,92.3569,-92.1736
1.633,0.1783,92.3569,-92.1785
1.679,0.1800,92.3569,-92.1768
1.740,0.1801,92.3569,-92.1767
1.783,0.1789,92.3590,-92.1800
1.818,0.1806,92.3590,-92.1784
1.912,0.1803,92.3590,-92.1787
1.946,0.1816,92.3590,-92.1774
2.007,0.1806,92.3590,-92.1784
2.044,0.1805,92.3611,-92.1806
2.081,0.1814,92.3611,-92.1797
2.124,0.1822,92.3611,-92.1789
2.178,0.1826,92.3611,-92.1785
2.231,0.1815,92.3611,-92.1796
2.272,0.1826,92.3635,-92.1809
2.330,0.1844,92.3635,-92.1791
2.379,0.1856,92.3635,-92.1779
2.435,0.1862,92.3635,-92.1773
2.492,0.1847,92.3635,-92.1788
2.523,0.1847,92.3657,-92.1809
2.604,0.1869,92.3657,-92.1788
2.656,0.1880,92.3657,-92.1776
2.684,0.1890,92.3657,-92.1767
2.745,0.1862,92.3657,-92.1795
2.807,0.1867,92.3677,-92.1810
2.869,0.1885,92.3677,-92.1793
2.881,0.1888,92.3677,-92.1790
2.928,0.1898,92.3677,-92.1780
2.976,0.1892,92.3677,-92.1785
3.032,0.1901,92.3701,-92.1800
3.079,0.1922,92.3701,-92.1779
3.130,0.1913,92.3701,-92.1788
3.183,0.1945,92.3701,-92.1756
3.231,0.1907,92.3701,-92.1794
3.278,0.1938,92.3722,-92.1783
3.332,0.1935,92.3722,-92.1787
3.385,0.1939,92.3722,-92.1783
3.419,0.1945,92.3722,-92.1776
3.479,0.1939,92.3722,-92.1783
3.535,0.1938,92.3743,-92.1805
3.575,0.1968,92.3743,-92.1775
3.632,0.1964,92.3743,-92.1779
3.684,0.1953,92.3743,-92.1790
3.720,0.1962,92.3743,-92.1781
3.773,0.1974,92.3764,-92.1791
3.844,0.1968,92.3764,-92.1796
3.883,0.1997,92.3764,-92.1767
3.929,0.1999,92.3764,-92.1765
3.988,0.1993,92.3816,-92.1823
4.022,0.2087,92.3811,-92.1724
4.073,0.1590,92.3317,-92.1727
4.125,0.1349,92.3044,-92.1695
4.181,0.1040,92.2873,-92.1832
4.228,0.1330,92.3201,-92.1871
4.277,0.1553,92.3398,-92.1846
4.330,0.1660,92.3464,-92.1804
4.375,0.1597,92.3313,-92.1716
4.424,0.1245,92.2961,-92.1716
4.480,0.1024,92.2748,-92.1724
4.533,0.0666,92.2391,-92.1725
4.580,0.0303,92.1917,-92.1614
4.636,0.0074,92.1879,-92.1805
4.672,0.0144,92.1929,-92.1785
4.724,0.0166,92.1911,-92.1746
4.778,-0.0394,92.1209,-92.1603
4.838,-0.1079,92.0748,-92.1828
4.889,-0.1010,92.0960,-92.1970
4.920,-0.0801,92.0971,-92.1772
4.995,-0.1042,92.0556,-92.1599
5.026,-0.1560,92.0191,-92.1750
5.087,-0.1980,91.9564,-92.1544
5.128,-0.2484,91.9214,-92.1698
5.186,-0.2859,91.8928,-92.1787
5.229,-0.2885,91.8916,-92.1801
5.278,-0.3145,91.8652,-92.1797
5.348,-0.3722,91.7873,-92.1595
5.383,-0.4374,91.7414,-92.1788
5.432,-0.4428,91.7296,-92.1724
5.495,-0.4865,91.6734,-92.1600
5.530,-0.5353,91.6592,-92.1945
5.572,-0.6027,91.5449,-92.1476
5.628,-0.7581,91.4418,-92.1999
5.678,-0.7632,91.4324,-92.1956
5.726,-0.7236,91.4334,-92.1570
5.772,-0.7054,91.4839,-92.1893
5.823,-0.7550,91.4307,-92.1857
5.873,-0.8525,91.2997,-92.1522
5.926,-0.9368,91.2294,-92.1663
5.980,-0.9195,91.2548,-92.1743
6.024,-0.8787,91.3356,-92.2143
6.087,-0.8559,91.3245,-92.1804
6.127,-0.8791,91.2809,-92.1600
6.178,-0.9521,91.2210,-92.1730
6.231,-0.9005,91.2937,-92.1941
6.269,-0.8317,91.3716,-92.2033
6.325,-0.8938,91.2745,-92.1683
6.383,-0.9510,91.2293,-92.1803
6.425,-0.9638,91.2039,-92.1677
6.489,-1.0067,91.1830,-92.1897
6.526,-1.0135,91.2655,-92.2789
6.625,-0.8158,91.2720,-92.0878
6.673,-0.9670,91.1906,-92.1576
6.724,-1.0573,91.1248,-92.1821
6.778,-1.0730,91.1465,-92.2195
6.832,-1.0152,91.1600,-92.1752
6.878,-1.0174,91.1547,-92.1720
6.928,-1.0340,91.1518,-92.1858
6.989,-1.0036,91.1446,-92.1482
7.035,-0.9889,91.2123,-92.2011
7.075,-0.9935,91.1964,-92.1899
7.121,-0.9730,91.1847,-92.1577
7.199,-1.0190,91.1375,-92.1565
7.232,-1.0558,91.1177,-92.1734
7.276,-1.0073,91.2043,-92.2116
7.326,-0.9831,91.1942,-92.1773
7.370,-1.0112,91.1667,-92.1779
7.423,-1.0122,91.1529,-92.1650
7.476,-1.0582,91.1128,-92.1711
7.574,-1.0617,91.1731,-92.2349
7.584,-0.9945,91.1767,-92.1712
7.635,-0.9743,91.2111,-92.1855
7.689,-0.9740,91.1993,-92.1734
7.726,-0.9863,91.1831,-92.1694
7.786,-0.9705,91.2711,-92.2416
7.836,-0.8408,91.3374,-92.1781
7.871,-0.8308,91.3291,-92.1599
7.934,-0.9330,91.2287,-92.1616
7.971,-1.0065,91.1579,-92.1644
8.027,-1.0179,91.2052,-92.2230
8.073,-0.9147,91.2851,-92.1998
8.129,-0.8097,91.3831,-92.1928
8.169,-0.8125,91.3596,-92.1721
8.225,-0.8683,91.2801,-92.1484
8.277,-0.9475,91.2461,-92.1936
8.334,-0.9798,91.2209,-92.2007
8.370,-0.9362,91.2429,-92.1791
8.431,-0.8624,91.3221,-92.1845
8.488,-0.8776,91.2940,-92.1717
8.519,-0.8949,91.3243,-92.2192
8.583,-0.9066,91.2711,-92.1778
8.618,-0.9527,91.2240,-92.1768
8.671,-0.9721,91.2006,-92.1727
8.726,-0.9727,91.2082,-92.1809
8.781,-0.9751,91.2363,-92.2115
8.833,-0.9321,91.2378,-92.1699
8.876,-0.9753,91.2081,-92.1834
8.924,-1.0041,91.1638,-92.1680
8.976,-1.0008,91.1629,-92.1637
9.023,-1.0516,91.1640,-92.2157
9.077,-1.0298,91.1061,-92.1359
9.130,-1.1025,91.0464,-92.1489
9.181,-1.1575,91.0302,-92.1877
9.236,-1.1887,90.9406,-92.1293
9.278,-1.2746,90.9080,-92.1826
9.329,-1.3130,90.8844,-92.1974
9.379,-1.2623,90.9106,-92.1729
9.421,-1.3281,90.8495,-92.1776
9.476,-1.4431,90.6208,-92.0639
9.521,-1.6613,90.5152,-92.1766
9.569,-1.7444,90.4403,-92.1847
9.623,-1.7789,90.4142,-92.1931
9.681,-1.7469,90.4153,-92.1622
9.721,-1.7984,90.3439,-92.1423
9.786,-1.9610,90.2013,-92.1623
9.834,-2.1564,89.9700,-92.1264
9.884,-2.3216,89.8285,-92.1500
9.921,-2.4424,89.7469,-92.1893
9.978,-2.4720,89.6901,-92.1621
10.034,-2.5399,89.5830,-92.1228
10.075,-2.7117,89.4365,-92.1483
10.125,-2.8911,89.2426,-92.1337
10.175,-3.0341,89.0953,-92.1294
10.227,-3.2191,88.9319,-92.1510
10.286,-3.3665,88.7554,-92.1219
10.331,-3.5176,88.5742,-92.0918
10.386,-3.7155,88.4274,-92.1428
10.429,-3.9087,88.2252,-92.1339
10.475,-4.1271,88.0068,-92.1339
10.540,-4.3282,87.8365,-92.1647
10.586,-4.5189,87.6413,-92.1601
10.624,-4.6821,87.4548,-92.1370
10.680,-4.8549,87.2727,-92.1276
10.731,-5.0668,87.0667,-92.1335
10.777,-5.1471,87.0515,-92.1986
10.835,-5.0922,87.0880,-92.1802
10.874,-5.1142,87.0226,-92.1368
10.933,-5.2625,86.8931,-92.1555
10.992,-5.3091,86.8718,-92.1809
11.029,-5.2878,86.9299,-92.2177
11.069,-5.2045,86.9757,-92.1802
11.135,-5.1887,86.9940,-92.1826
11.182,-5.1816,86.9971,-92.1787
11.222,-5.1840,87.0319,-92.2160
11.273,-5.0882,87.1295,-92.2178
11.324,-4.9642,87.2437,-92.2079
11.370,-4.8484,87.3354,-92.1838
11.422,-4.8261,87.3513,-92.1773
11.478,-4.8100,87.3707,-92.1807
11.521,-4.7147,87.4748,-92.1895
11.575,-4.5784,87.6245,-92.2030
11.627,-4.4288,87.7606,-92.1894
11.679,-4.3376,87.8447,-92.1823
11.736,-4.2144,87.9769,-92.1913
11.778,-4.0957,88.1078,-92.2035
11.852,-4.0505,88.1913,-92.2419
11.877,-3.9766,88.2201,-92.1967
11.928,-3.8674,88.3323,-92.1998
11.978,-3.8016,88.3932,-92.1948
12.035,-3.6285,88.5981,-92.2266
12.105,-3.4131,88.8613,-92.2743
12.140,-3.2216,88.9258,-92.1474
12.170,-3.0692,89.1339,-92.2031
12.255,-2.9325,89.3683,-92.3009
12.280,-2.7206,89.5140,-92.2346
12.318,-2.5363,89.6388,-92.1751
12.378,-2.3832,89.8501,-92.2333
12.419,-2.1006,90.0785,-92.1791
12.472,-1.8027,90.4195,-92.2222
12.524,-1.5674,90.6468,-92.2142
12.573,-1.4756,90.7110,-92.1865
12.621,-1.4863,90.6927,-92.1790
12.675,-1.4143,90.7676,-92.1819
12.723,-1.3044,90.8607,-92.1651
12.789,-1.1716,91.1387,-92.3103
12.841,-1.0549,91.2744,-92.3293
12.878,-0.8447,91.3511,-92.1958
12.925,-0.7945,91.3730,-92.1675
12.973,-0.7906,91.3981,-92.1887
13.037,-0.7625,91.4981,-92.2605
13.096,-0.5327,91.6405,-92.1732
13.134,-0.4312,91.7818,-92.2129
13.174,-0.3655,91.8294,-92.1949
13.233,-0.2857,91.8926,-92.1783
13.277,-0.2372,91.9867,-92.2239
13.332,-0.1501,92.0402,-92.1902
13.378,-0.0851,92.1098,-92.1949
13.423,-0.0240,92.1468,-92.1708
13.482,0.0631,92.2568,-92.1937
13.530,0.1115,92.3658,-92.2544
13.573,0.2182,92.4030,-92.1848
13.631,0.2719,92.4950,-92.2231
13.687,0.3331,92.5206,-92.1875
13.722,0.3687,92.5442,-92.1755
13.779,0.4510,92.6931,-92.2421
13.842,0.5484,92.7508,-92.2024
13.875,0.6303,92.8055,-92.1753
13.936,0.6575,92.8597,-92.2023
13.988,0.6971,92.9452,-92.2481
14.020,0.8495,93.0935,-92.2440
14.072,0.9483,93.1358,-92.1875
14.122,0.8877,93.0645,-92.1768
14.176,0.8924,93.0720,-92.1796
14.232,0.9117,93.1080,-92.1963
14.286,1.0574,93.3118,-92.2545
14.326,1.2198,93.4320,-92.2122
14.379,1.2931,93.4755,-92.1823
14.427,1.3444,93.5117,-92.1673
14.475,1.2942,93.4783,-92.1841
14.529,1.3111,93.5178,-92.2067
14.602,1.4105,93.5967,-92.1862
14.628,1.4759,93.6563,-92.1804
14.684,1.5534,93.7462,-92.1928
14.720,1.6242,93.8098,-92.1857
14.779,1.6083,93.8500,-92.2417
14.831,1.6793,93.8483,-92.1689
14.873,1.7081,93.8847,-92.1766
14.925,1.7069,93.9028,-92.1958
14.982,1.7752,93.9609,-92.1857
15.025,1.8339,94.0676,-92.2337
15.072,1.8895,94.0637,-92.1742
15.130,1.8570,94.0167,-92.1597
15.177,1.7940,93.9698,-92.1758
15.223,1.7478,93.9194,-92.1717
15.272,1.7626,93.9615,-92.1989
15.324,1.7757,93.9794,-92.2037
15.408,1.7941,93.9620,-92.1679
15.425,1.7798,93.9263,-92.1465
15.479,1.6773,93.8544,-92.1771
15.532,1.6589,93.8566,-92.1977
15.573,1.7278,93.9186,-92.1908
15.626,1.7470,93.9321,-92.1851
15.674,1.6663,93.8146,-92.1482
15.734,1.5480,93.6991,-92.1511
15.776,1.4426,93.6328,-92.1902
15.858,1.4517,93.6312,-92.1795
15.888,1.4892,93.6818,-92.1926
15.933,1.4837,93.6433,-92.1596
15.983,1.4365,93.5593,-92.1227
16.028,1.2316,93.4434,-92.2118
16.086,1.1244,93.2819,-92.1575
16.125,1.0656,93.2421,-92.1765
16.182,1.0647,93.2447,-92.1799
16.228,1.0154,93.1571,-92.1417
16.277,0.8852,93.0725,-92.1873
16.321,0.8032,92.9656,-92.1624
16.371,0.7098,92.8655,-92.1557
16.421,0.6105,92.7743,-92.1638
16.469,0.5177,92.6955,-92.1778
16.534,0.4140,92.5860,-92.1720
16.576,0.3350,92.4864,-92.1514
16.627,0.2311,92.3885,-92.1575
16.669,0.1021,92.2652,-92.1631
16.725,0.0196,92.1720,-92.1524
16.781,-0.0617,92.0628,-92.1245
16.844,-0.2448,91.9433,-92.1881
16.886,-0.3932,91.7461,-92.1393
16.927,-0.4528,91.7173,-92.1702
16.990,-0.5139,91.6448,-92.1587
17.039,-0.5750,91.5596,-92.1347
17.084,-0.6591,91.4888,-92.1479
17.122,-0.7613,91.3978,-92.1592
17.174,-0.8786,91.2722,-92.1508
17.227,-1.0259,91.1162,-92.1420
17.276,-1.2006,90.9464,-92.1470
17.336,-1.3464,90.7838,-92.1302
17.373,-1.4571,90.7011,-92.1582
17.422,-1.5531,90.6162,-92.1692
17.475,-1.6494,90.4984,-92.1478
17.526,-1.7802,90.4044,-92.1846
17.576,-1.9100,90.2645,-92.1745
17.621,-1.9933,90.1570,-92.1502
17.682,-2.0965,90.0551,-92.1515
17.728,-2.2086,89.9608,-92.1694
17.779,-2.2639,89.9070,-92.1708
17.839,-2.3058,89.8522,-92.1579
17.883,-2.4253,89.7290,-92.1542
17.929,-2.4942,89.6861,-92.1803
17.979,-2.5413,89.6310,-92.1722
18.038,-2.6088,89.5662,-92.1750
18.075,-2.6750,89.4683,-92.1433
18.124,-2.7943,89.3602,-92.1545
18.186,-2.9083,89.2663,-92.1746
18.231,-2.9187,89.2611,-92.1798
18.274,-2.9017,89.2697,-92.1714
18.331,-2.9435,89.2372,-92.1808
18.374,-2.9661,89.2008,-92.1669
18.427,-3.0305,89.1217,-92.1522
18.483,-3.1485,89.0052,-92.1537
18.524,-3.1920,88.9794,-92.1714
18.574,-3.1484,89.0424,-92.1908
18.639,-3.1294,89.0519,-92.1813
18.685,-3.1865,88.9444,-92.1310
18.736,-3.2806,88.8801,-92.1607
18.768,-3.3669,88.8090,-92.1760
18.824,-3.3802,88.7943,-92.1745
18.874,-3.3792,88.7978,-92.1771
18.925,-3.4265,88.7455,-92.1720
18.974,-3.4600,88.7094,-92.1694
19.025,-3.5335,88.6416,-92.1751
19.072,-3.5298,88.6485,-92.1783
19.126,-3.5048,88.6597,-92.1646
19.171,-3.5551,88.6224,-92.1775
19.231,-3.6197,88.5422,-92.1619
19.271,-3.6796,88.4611,-92.1407
19.331,-3.7541,88.4390,-92.1931
19.374,-3.7201,88.4540,-92.1741
19.425,-3.7166,88.4515,-92.1681
19.471,-3.7342,88.4579,-92.1921
19.518,-3.6733,88.4755,-92.1488
19.585,-3.6720,88.5264,-92.1984
19.631,-3.6727,88.4956,-92.1683
19.683,-3.6999,88.4653,-92.1652
19.735,-3.7286,88.5030,-92.2316
19.784,-3.6445,88.5254,-92.1699
19.827,-3.5680,88.6279,-92.1959
19.880,-3.5003,88.6803,-92.1806
19.935,-3.4288,88.7851,-92.2138
19.991,-3.3625,88.7960,-92.1585
20.026,-3.3964,88.7677,-92.1641
20.085,-3.3810,88.8431,-92.2242
20.144,-3.2260,88.9999,-92.2259
20.187,-3.1016,89.0990,-92.2006
20.222,-3.0377,89.1364,-92.1741
20.276,-3.0241,89.1393,-92.1634
20.326,-3.0356,89.1601,-92.1956
20.380,-2.9521,89.2271,-92.1793
20.426,-2.8873,89.3230,-92.2103
20.476,-2.7576,89.4459,-92.2034
20.521,-2.6553,89.4964,-92.1517
20.597,-2.6071,89.6323,-92.2394
20.626,-2.4642,89.8153,-92.2795
20.678,-2.2683,89.9741,-92.2425
20.733,-2.1069,90.0923,-92.1992
20.772,-1.9989,90.1665,-92.1653
20.841,-1.8854,90.3903,-92.2757
20.880,-1.6823,90.4934,-92.1757
20.922,-1.4743,90.7036,-92.1779
20.985,-1.3189,90.8597,-92.1786
21.019,-1.0829,91.0533,-92.1362
21.069,-0.9711,91.2061,-92.1772
21.128,-0.8214,91.3343,-92.1557
21.178,-0.6569,91.5768,-92.2337
21.245,-0.5118,91.7072,-92.2190
21.277,-0.4475,91.7339,-92.1814
21.326,-0.4097,91.7889,-92.1986
21.389,-0.3217,91.8740,-92.1957
21.422,-0.1853,92.0226,-92.2079
21.478,-0.0799,92.1199,-92.1998
21.525,-0.0001,92.1403,-92.1403
21.584,0.0397,92.2612,-92.2215
21.628,0.1265,92.3267,-92.2001
21.682,0.2286,92.4183,-92.1897
21.733,0.3437,92.5840,-92.2402
21.776,0.4499,92.6215,-92.1715
21.836,0.5223,92.7095,-92.1872
21.872,0.5661,92.7529,-92.1869
21.928,0.5508,92.7212,-92.1704
21.993,0.5646,92.7717,-92.2071
22.031,0.6116,92.7862,-92.1746
22.089,0.7371,92.9615,-92.2243
22.125,0.8744,93.0721,-92.1977
22.182,0.9491,93.1300,-92.1809
22.229,1.0051,93.1821,-92.1769
22.278,0.9686,93.1264,-92.1578
22.338,0.9560,93.1312,-92.1752
22.375,1.0350,93.2394,-92.2044
22.428,1.1175,93.3253,-92.2078
22.497,1.2123,93.4193,-92.2070
22.524,1.2468,93.4051,-92.1583
22.574,1.2601,93.4363,-92.1762
22.627,1.3280,93.5031,-92.1752
22.678,1.3444,93.5306,-92.1863
22.725,1.3861,93.5767,-92.1906
22.800,1.4409,93.6288,-92.1878
22.824,1.4779,93.6510,-92.1731
22.886,1.5152,93.7055,-92.1903
22.941,1.5511,93.7941,-92.2430
22.972,1.6580,93.8409,-92.1828
23.020,1.6601,93.8117,-92.1516
23.071,1.6663,93.8435,-92.1771
23.126,1.7100,93.9021,-92.1922
23.173,1.7807,93.9636,-92.1829
23.229,1.7961,93.9775,-92.1814
23.287,1.8140,94.0051,-92.1911
23.335,1.9031,94.1411,-92.2380
23.377,2.0119,94.1926,-92.1807
23.433,2.0390,94.1956,-92.1566
23.482,2.0151,94.1873,-92.1722
23.526,1.9860,94.1502,-92.1642
23.579,2.0584,94.2324,-92.1740
23.625,2.1784,94.4005,-92.2222
23.683,2.3106,94.4566,-92.1460
23.769,2.3640,94.5408,-92.1768
23.772,2.3402,94.5474,-92.2072
23.839,2.3190,94.4918,-92.1728
23.897,2.3331,94.5318,-92.1987
23.934,2.3961,94.6273,-92.2312
23.989,2.4932,94.6917,-92.1985
24.032,2.5417,94.7006,-92.1589
24.077,2.5675,94.7483,-92.1809
24.137,2.6076,94.7755,-92.1680
24.190,2.5935,94.7793,-92.1858
24.237,2.5900,94.7625,-92.1725
24.269,2.6281,94.7871,-92.1590
24.326,2.6636,94.8737,-92.2101
24.374,2.7413,94.9182,-92.1769
24.421,2.7775,94.9548,-92.1773
24.474,2.7617,94.9601,-92.1983
24.535,2.8022,94.9481,-92.1459
24.572,2.8152,94.9915,-92.1764
24.633,2.8324,95.0307,-92.1982
24.677,2.8812,95.0765,-92.1953
24.728,2.9184,95.1125,-92.1941
24.780,2.9448,95.1000,-92.1552
24.826,2.9742,95.1563,-92.1821
24.887,3.0122,95.2396,-92.2274
24.931,3.0927,95.2898,-92.1971
24.973,3.1194,95.2732,-92.1538
25.041,3.0542,95.2122,-92.1580
25.078,3.0296,95.2068,-92.1773
25.127,3.0690,95.2929,-92.2239
25.197,3.1976,95.4409,-92.2434
25.228,3.3045,95.4812,-92.1767
25.271,3.3036,95.4345,-92.1309
25.334,3.2122,95.3882,-92.1759
25.371,3.2037,95.3811,-92.1774
25.420,3.2110,95.4074,-92.1964
25.486,3.3000,95.5078,-92.2079
25.528,3.3436,95.5041,-92.1606
25.587,3.3531,95.5471,-92.1940
25.636,3.3906,95.5667,-92.1761
25.688,3.4153,95.5889,-92.1736
25.729,3.4051,95.5795,-92.1743
25.788,3.3647,95.5088,-92.1441
25.844,3.3574,95.5707,-92.2132
25.931,3.4274,95.6160,-92.1886
25.941,3.5001,95.6296,-92.1294
25.983,3.5183,95.7138,-92.1955
26.030,3.5368,95.6365,-92.0996
26.089,3.4546,95.6081,-92.1534
26.142,3.3958,95.5977,-92.2019
26.200,3.4571,95.6839,-92.2268
26.237,3.5787,95.7742,-92.1955
26.297,3.5736,95.7251,-92.1514
26.333,3.5413,95.7191,-92.1778
26.381,3.5532,95.7262,-92.1730
26.447,3.5592,95.7927,-92.2335
26.486,3.6377,95.8204,-92.1827
26.520,3.6094,95.7510,-92.1416
26.586,3.5413,95.6888,-92.1475
26.620,3.5015,95.6698,-92.1683
26.672,3.5209,95.7278,-92.2069
26.728,3.6161,95.8125,-92.1963
26.776,3.6856,95.7850,-92.0994
26.834,3.5943,95.7077,-92.1133
26.884,3.5043,95.6836,-92.1793
26.931,3.5040,95.6870,-92.1831
26.971,3.5407,95.7303,-92.1896
27.028,3.5550,95.7026,-92.1476
27.082,3.5217,95.7027,-92.1810
27.120,3.4971,95.6751,-92.1779
27.174,3.4709,95.6285,-92.1577
27.229,3.4134,95.5921,-92.1787
27.313,3.4001,95.4770,-92.0769
27.335,3.2739,95.4575,-92.1835
27.377,3.1905,95.3713,-92.1808
27.428,3.1705,95.3409,-92.1704
27.472,3.1610,95.3382,-92.1772
27.530,3.0299,95.1506,-92.1207
27.578,2.9501,95.1137,-92.1636
27.631,2.8914,95.0487,-92.1573
27.687,2.7733,94.9317,-92.1584
27.722,2.6914,94.8571,-92.1657
27.781,2.6276,94.7686,-92.1410
27.828,2.5383,94.7041,-92.1658
27.868,2.4365,94.6254,-92.1889
27.920,2.3440,94.5038,-92.1598
27.969,2.2631,94.4483,-92.1853
28.019,2.2131,94.3620,-92.1490
28.094,2.0851,94.1912,-92.1061
28.126,1.9127,94.0538,-92.1411
28.178,1.7265,93.8060,-92.0795
28.220,1.5417,93.6813,-92.1397
28.273,1.3551,93.5147,-92.1596
28.338,1.2471,93.3626,-92.1155
28.375,1.0725,93.2036,-92.1311
28.422,0.8158,92.9300,-92.1142
28.475,0.5073,92.6123,-92.1050
28.537,0.1209,92.2223,-92.1014
28.571,-0.1637,91.8922,-92.0559
28.622,-0.5159,91.6123,-92.1282
28.672,-0.7940,91.3354,-92.1294
28.734,-1.0949,91.0695,-92.1643
28.783,-1.2649,90.7779,-92.0427
28.838,-1.5463,90.6085,-92.1547
28.870,-1.6233,90.5546,-92.1780
28.929,-1.7060,90.4591,-92.1651
28.996,-1.7998,90.2716,-92.0714
29.030,-1.9646,90.1731,-92.1376
29.071,-2.0728,90.0780,-92.1508
29.122,-2.1858,89.9855,-92.1713
29.171,-2.2480,89.9217,-92.1697
29.233,-2.3132,89.8520,-92.1652
29.276,-2.4044,89.7351,-92.1395
29.325,-2.5254,89.6362,-92.1615
29.377,-2.6066,89.5603,-92.1670
29.424,-2.6438,89.5337,-92.1774
29.508,-2.6222,89.5583,-92.1804
29.536,-2.6291,89.5327,-92.1619
29.578,-2.7272,89.4252,-92.1524
29.640,-2.8082,89.3396,-92.1478
29.671,-2.8766,89.3048,-92.1814
29.723,-2.8910,89.2885,-92.1796
29.773,-2.8893,89.2692,-92.1585
29.829,-2.9186,89.2689,-92.1875
29.876,-2.9198,89.2499,-92.1697
29.930,-2.9320,89.2508,-92.1827
29.971,-2.9325,89.2480,-92.1805
30.043,-2.9178,89.1968,-92.1145
30.077,-2.9798,89.2023,-92.1821
30.133,-3.0015,89.1713,-92.1728
30.175,-3.0105,89.1609,-92.1714
30.221,-3.0064,89.1973,-92.2037
30.274,-2.9674,89.1613,-92.1287
30.351,-2.9864,89.1823,-92.1687
30.401,-3.0075,89.1936,-92.2011
30.421,-2.9931,89.1788,-92.1719
30.488,-2.9834,89.1927,-92.1761
30.520,-3.0391,89.1072,-92.1463
30.570,-3.0962,89.0749,-92.1711
30.624,-3.0779,89.1216,-92.1995
30.690,-3.0216,89.1962,-92.2179
30.727,-2.9625,89.2188,-92.1813
30.776,-2.9280,89.2528,-92.1808
30.857,-2.9511,89.2224,-92.1735
30.883,-2.9378,89.2376,-92.1754
30.925,-2.9329,89.2531,-92.1859
30.989,-2.8978,89.3441,-92.2419
31.037,-2.7666,89.3642,-92.1307
31.117,-2.7969,89.3891,-92.1860
31.144,-2.7873,89.3832,-92.1705
31.188,-2.7819,89.3876,-92.1694
31.232,-2.7854,89.4112,-92.1966
31.276,-2.7496,89.3605,-92.1101
31.332,-2.7709,89.4163,-92.1873
31.378,-2.7351,89.4540,-92.1892
31.437,-2.6797,89.5186,-92.1983
31.477,-2.6201,89.5740,-92.1941
31.522,-2.5930,89.5483,-92.1413
31.584,-2.5897,89.5970,-92.1866
31.620,-2.5637,89.6209,-92.1846
31.680,-2.5522,89.6187,-92.1709
31.724,-2.5383,89.6489,-92.1872
31.774,-2.4865,89.6297,-92.1162
31.827,-2.4933,89.6872,-92.1805
31.872,-2.4710,89.7079,-92.1790
31.925,-2.4473,89.7352,-92.1825
31.984,-2.4185,89.7744,-92.1929
32.035,-2.4341,89.7021,-92.1362
32.084,-2.4738,89.6917,-92.1655
32.120,-2.4842,89.6959,-92.1801
32.180,-2.4802,89.7119,-92.1921
32.233,-2.3947,89.8045,-92.1992
32.290,-2.3850,89.7809,-92.1659
32.325,-2.3688,89.8201,-92.1889
32.378,-2.3416,89.8277,-92.1693
32.426,-2.3634,89.8160,-92.1794
32.475,-2.3403,89.8438,-92.1841
32.524,-2.2707,89.8082,-92.0789
32.583,-2.2889,89.9081,-92.1970
32.635,-2.2406,89.9467,-92.1873
32.703,-2.2096,89.9578,-92.1674
32.733,-2.2420,89.9412,-92.1831
32.785,-2.2393,89.8331,-92.0723
32.860,-2.2332,89.8397,-92.0729
32.871,-2.2805,89.8707,-92.1511
32.929,-2.2403,89.9390,-92.1793
32.976,-2.2275,89.9799,-92.2074
33.034,-2.2073,89.9216,-92.1289
33.083,-2.2241,89.9336,-92.1577
33.133,-2.2419,89.9588,-92.2007
33.183,-2.2121,89.9604,-92.1725
33.221,-2.2022,89.9889,-92.1911
33.271,-2.2264,89.9037,-92.1301
33.335,-2.1890,89.9785,-92.1676
33.386,-2.1774,90.0198,-92.1971
33.453,-2.1779,90.0186,-92.1965
33.489,-2.1399,90.0272,-92.1670
33.520,-2.1224,89.9639,-92.0863
33.582,-2.1995,89.9732,-92.1727
33.625,-2.1844,89.9835,-92.1680
33.674,-2.2114,89.9725,-92.1840
33.732,-2.1952,89.9714,-92.1666
33.791,-2.1978,89.9324,-92.1302
33.839,-2.2178,89.9759,-92.1937
33.871,-2.1665,90.0099,-92.1764
33.928,-2.1801,90.0480,-92.2280
33.993,-2.1544,90.0325,-92.1869
34.023,-2.1420,89.9391,-92.0811
34.080,-2.1748,90.0138,-92.1886
34.126,-2.1452,90.0544,-92.1995
34.184,-2.0830,90.0843,-92.1673
34.222,-2.0590,90.1191,-92.1781
34.274,-2.1237,90.0086,-92.1323
34.323,-2.1734,90.0033,-92.1767
34.388,-2.2083,89.9766,-92.1850
34.434,-2.2026,89.9963,-92.1989
34.479,-2.0974,90.0981,-92.1955
34.542,-2.1000,90.0613,-92.1614
34.573,-2.0936,90.0797,-92.1733
34.644,-2.0979,90.0790,-92.1769
34.690,-2.1202,90.0633,-92.1835
34.722,-2.1203,90.0488,-92.1691
34.775,-2.1617,89.9823,-92.1440
34.833,-2.2070,89.9857,-92.1927
34.870,-2.1883,89.9725,-92.1608
34.921,-2.2521,89.8558,-92.1079
34.979,-2.3828,89.6687,-92.0515
35.028,-2.5829,89.4581,-92.0410
35.087,-2.8176,89.3292,-92.1467
35.134,-2.9151,89.2487,-92.1637
35.192,-2.9862,89.1907,-92.1770
35.223,-3.0847,89.0947,-92.1793
35.279,-3.1651,88.9733,-92.1384
35.348,-3.1700,89.0194,-92.1893
35.374,-3.1461,89.0313,-92.1774
35.442,-3.1734,88.9919,-92.1653
35.477,-3.2073,88.9478,-92.1551
35.520,-3.3157,88.8236,-92.1393
35.583,-3.3988,88.7644,-92.1631
35.629,-3.4329,88.7512,-92.1842
35.679,-3.4084,88.7933,-92.2016
35.732,-3.3819,88.7808,-92.1627
35.778,-3.4585,88.6672,-92.1258
35.840,-3.5625,88.5766,-92.1391
35.882,-3.6690,88.4873,-92.1563
35.928,-3.7083,88.4707,-92.1791
35.981,-3.6898,88.5036,-92.1933
36.021,-3.7007,88.4317,-92.1324
36.078,-3.7409,88.4269,-92.1678
36.126,-3.7912,88.3930,-92.1843
36.174,-3.7954,88.3747,-92.1701
36.223,-3.8236,88.3495,-92.1730
36.275,-3.9050,88.2361,-92.1411
36.325,-3.9576,88.2128,-92.1704
36.373,-3.9745,88.2047,-92.1792
36.424,-3.9897,88.1943,-92.1840
36.474,-3.9764,88.1897,-92.1661
36.521,-4.0674,88.0697,-92.1371
36.580,-4.1804,88.0122,-92.1926
36.622,-4.1524,88.0216,-92.1740
36.672,-4.1623,88.0251,-92.1874
36.724,-4.1848,87.9775,-92.1623
36.797,-4.2825,87.8081,-92.0906
36.838,-4.3889,87.7925,-92.1814
36.874,-4.3542,87.8207,-92.1749
36.932,-4.3016,87.8782,-92.1798
36.972,-4.3086,87.8789,-92.1875
37.024,-4.2968,87.8107,-92.1075
37.073,-4.3970,87.7684,-92.1654
37.124,-4.4633,87.7181,-92.1814
37.175,-4.4670,87.7076,-92.1746
37.221,-4.4151,87.7412,-92.1563
37.285,-4.4156,87.7410,-92.1566
37.320,-4.4238,87.7489,-92.1727
37.379,-4.4957,87.6724,-92.1681
37.421,-4.5813,87.5997,-92.1810
37.483,-4.5738,87.6031,-92.1769
37.522,-4.5935,87.5642,-92.1577
37.576,-4.6082,87.5573,-92.1655
37.628,-4.6097,87.5642,-92.1739
37.687,-4.6486,87.5386,-92.1872
37.737,-4.6131,87.5637,-92.1768
37.786,-4.6320,87.5097,-92.1416
37.846,-4.6959,87.4851,-92.1810
37.874,-4.6819,87.4816,-92.1635
37.935,-4.7043,87.4687,-92.1730
37.979,-4.7562,87.4288,-92.1849
38.024,-4.6773,87.4252,-92.1025
38.083,-4.7572,87.4179,-92.1751
38.144,-4.7580,87.3779,-92.1359
38.188,-4.7739,87.3885,-92.1624
38.222,-4.8118,87.3783,-92.1901
38.277,-4.8187,87.2603,-92.0789
38.321,-4.9455,87.2301,-92.1756
38.382,-5.0188,87.1900,-92.2089
38.443,-4.9782,87.2266,-92.2048
38.473,-4.9374,87.2603,-92.1977
38.534,-4.9709,87.1745,-92.1454
38.608,-5.0189,87.1409,-92.1598
38.629,-5.0288,87.1621,-92.1909
38.678,-5.0612,87.0731,-92.1343
38.732,-5.1286,87.0597,-92.1883
38.784,-5.0713,87.0975,-92.1689
38.840,-5.0441,87.1400,-92.1842
38.870,-5.0578,87.1172,-92.1750
38.928,-5.1466,87.0258,-92.1724
38.983,-5.2023,86.9573,-92.1596
39.025,-5.2071,86.8951,-92.1022
39.087,-5.2737,86.9320,-92.2057
39.128,-5.2452,86.9279,-92.1731
39.174,-5.2572,86.9210,-92.1782
39.230,-5.2942,86.8626,-92.1569
39.281,-5.3398,86.7926,-92.1324
39.326,-5.3775,86.8016,-92.1792
39.386,-5.4030,86.7345,-92.1375
39.428,-5.4602,86.7108,-92.1710
39.493,-5.4648,86.7219,-92.1868
39.528,-5.4943,86.6502,-92.1445
39.577,-5.4803,86.6946,-92.1749
39.627,-5.4952,86.6796,-92.1748
39.680,-5.5227,86.6487,-92.1714
39.732,-5.5112,86.6608,-92.1720
39.779,-5.5334,86.5965,-92.1299
39.827,-5.5869,86.5852,-92.1721
39.870,-5.6265,86.5584,-92.1849
39.925,-5.6885,86.4925,-92.1811
39.980,-5.6551,86.5109,-92.1661
40.028,-5.6836,86.4744,-92.1580
40.102,-5.6908,86.5140,-92.2048
40.147,-5.6464,86.5304,-92.1768
40.178,-5.6462,86.5383,-92.1845
40.225,-5.6570,86.4818,-92.1388
40.272,-5.7358,86.4123,-92.1481
40.323,-5.7319,86.4697,-92.2016
40.374,-5.6699,86.5243,-92.1943
40.430,-5.6609,86.4785,-92.1394
40.471,-5.7561,86.4290,-92.1851
40.524,-5.8265,86.3141,-92.1406
40.569,-5.8528,86.3246,-92.1773
40.622,-5.8252,86.3537,-92.1788
40.676,-5.7970,86.3708,-92.1678
40.729,-5.8265,86.3461,-92.1726
40.784,-5.8903,86.2566,-92.1468
40.828,-5.9047,86.2746,-92.1793
40.886,-5.8738,86.3167,-92.1905
40.931,-5.8548,86.3239,-92.1787
40.974,-5.8413,86.3301,-92.1715
41.029,-5.8960,86.2486,-92.1445
41.070,-5.9569,86.2215,-92.1784
41.128,-5.9255,86.2506,-92.1761
41.190,-5.9148,86.2629,-92.1778
41.227,-5.9204,86.2557,-92.1761
41.283,-5.9373,86.2029,-92.1402
41.336,-5.9836,86.2029,-92.1865
41.383,-5.9662,86.1945,-92.1607
41.433,-5.9959,86.1589,-92.1547
41.481,-6.0739,86.1039,-92.1778
41.523,-6.1114,86.0248,-92.1362
41.582,-6.1108,86.0740,-92.1848
41.628,-6.1035,86.0757,-92.1792
41.671,-6.0893,86.0871,-92.1764
41.722,-6.0997,86.0806,-92.1803
41.781,-6.1445,85.9328,-92.0774
41.836,-6.2552,85.9158,-92.1709
41.885,-6.2509,85.9601,-92.2110
41.923,-6.1982,85.9833,-92.1815
41.984,-6.2322,85.9044,-92.1366
42.024,-6.2882,85.7550,-92.0433
42.079,-6.4705,85.7005,-92.1710
42.120,-6.4865,85.6956,-92.1821
42.182,-6.4754,85.7222,-92.1976
42.234,-6.4558,85.7250,-92.1807
42.279,-6.5026,85.6316,-92.1342
42.325,-6.5802,85.5981,-92.1783
42.376,-6.5885,85.5981,-92.1866
42.433,-6.5542,85.6250,-92.1792
42.478,-6.5429,85.6367,-92.1796
42.533,-6.5835,85.5604,-92.1439
42.590,-6.6366,85.5096,-92.1462
42.628,-6.7054,85.4761,-92.1815
42.677,-6.7048,85.4775,-92.1823
42.733,-6.6728,85.4957,-92.1685
42.770,-6.7246,85.4301,-92.1547
42.826,-6.7652,85.4158,-92.1809
42.876,-6.7649,85.3951,-92.1600
42.922,-6.8038,85.3731,-92.1769
42.983,-6.8177,85.3411,-92.1588
43.033,-6.8504,85.2973,-92.1477
43.076,-6.8770,85.3116,-92.1887
43.123,-6.8234,85.3537,-92.1771
43.168,-6.7983,85.3804,-92.1787
43.219,-6.8037,85.3750,-92.1788
43.268,-6.7873,85.3558,-92.1430
43.334,-6.8395,85.3324,-92.1718
43.382,-6.8740,85.3133,-92.1872
43.436,-6.8220,85.3650,-92.1870
43.484,-6.7548,85.4348,-92.1895
43.526,-6.7946,85.3544,-92.1489
43.576,-6.8774,85.2764,-92.1538
43.632,-6.9492,85.2371,-92.1863
43.695,-6.9402,85.2461,-92.1863
43.737,-6.8749,85.3123,-92.1872
43.786,-6.8650,85.3030,-92.1680
43.837,-6.8927,85.2689,-92.1616
43.885,-6.9420,85.2333,-92.1753
43.931,-6.9565,85.2367,-92.1932
43.990,-6.8916,85.2871,-92.1787
44.028,-6.8593,85.3196,-92.1789
44.079,-6.8729,85.3059,-92.1789
44.127,-6.8836,85.2719,-92.1556
44.182,-6.9557,85.2237,-92.1794
44.227,-6.9749,85.2084,-92.1832
44.276,-6.9141,85.2688,-92.1829
44.330,-6.9074,85.2756,-92.1831
44.380,-6.9233,85.2574,-92.1808
44.427,-6.8802,85.3070,-92.1872
44.482,-6.8646,85.3266,-92.1912
44.540,-6.8492,85.2938,-92.1430
44.591,-6.9214,85.2625,-92.1839
44.629,-6.9328,85.2481,-92.1808
44.688,-6.8378,85.3508,-92.1886
44.729,-6.8121,85.3860,-92.1981
44.788,-6.7599,85.4081,-92.1680
44.830,-6.7729,85.4216,-92.1946
44.884,-6.7073,85.4654,-92.1726
44.929,-6.7466,85.4205,-92.1671
44.992,-6.7675,85.4015,-92.1690
45.025,-6.7427,85.4527,-92.1954
45.080,-6.7036,85.4822,-92.1858
45.141,-6.7047,85.4698,-92.1745
45.185,-6.7263,85.4367,-92.1630
45.226,-6.7671,85.4021,-92.1692
45.272,-6.8076,85.3713,-92.1789
45.331,-6.8105,85.3676,-92.1781
45.401,-6.7779,85.4186,-92.1965
45.421,-6.7360,85.4420,-92.1780
45.481,-6.7190,85.4584,-92.1774
45.520,-6.7233,85.4550,-92.1783
45.573,-6.7257,85.4527,-92.1784
45.621,-6.7192,85.4591,-92.1783
45.675,-6.7178,85.4600,-92.1778
45.717,-6.7151,85.4590,-92.1741
45.768,-6.7216,85.4578,-92.1793
45.819,-6.7281,85.4497,-92.1778
45.868,-6.7279,85.4494,-92.1773
45.923,-6.7168,85.4648,-92.1816
45.999,-6.7158,85.4586,-92.1744
46.019,-6.7193,85.4608,-92.1801
46.084,-6.7115,85.4654,-92.1769
46.124,-6.7122,85.4657,-92.1780
46.181,-6.7160,85.4627,-92.1787
46.227,-6.7159,85.4641,-92.1800
46.297,-6.7103,85.4689,-92.1793
46.335,-6.7086,85.4680,-92.1766
46.373,-6.7088,85.4695,-92.1784
46.437,-6.7051,85.4711,-92.1761
46.475,-6.7089,85.4711,-92.1800
46.522,-6.7059,85.4734,-92.1793
46.585,-6.7033,85.4734,-92.1766
46.625,-6.7067,85.4734,-92.1800
46.678,-6.7052,85.4734,-92.1785
46.720,-6.7047,85.4734,-92.1780
46.772,-6.7041,85.4757,-92.1798
46.827,-6.7032,85.4757,-92.1788
46.886,-6.7030,85.4757,-92.1787
46.939,-6.7041,85.4757,-92.1798
46.997,-6.7033,85.4757,-92.1789
47.029,-6.7034,85.4780,-92.1814
47.071,-6.6998,85.4780,-92.1778
47.135,-6.7001,85.4780,-92.1781
47.176,-6.7001,85.4780,-92.1781
47.222,-6.7003,85.4780,-92.1783
47.280,-6.6983,85.4803,-92.1786
47.323,-6.6979,85.4803,-92.1782
47.373,-6.6984,85.4803,-92.1787
47.422,-6.6975,85.4803,-92.1778
47.474,-6.6991,85.4803,-92.1794
47.524,-6.6979,85.4827,-92.1805
47.586,-6.6963,85.4827,-92.1790
47.668,-6.6961,85.4827,-92.1788
47.690,-6.6940,85.4827,-92.1767
47.738,-6.6961,85.4827,-92.1787
47.785,-6.6945,85.4851,-92.1795
47.838,-6.6935,85.4851,-92.1785
47.877,-6.6934,85.4851,-92.1785
47.927,-6.6927,85.4851,-92.1778
47.983,-6.6924,85.4851,-92.1775
48.019,-6.6930,85.4872,-92.1802
48.079,-6.6916,85.4872,-92.1789
48.125,-6.6913,85.4872,-92.1786
48.183,-6.6908,85.4872,-92.1780
48.225,-6.6911,85.4872,-92.1784
48.274,-6.6897,85.4896,-92.1793
48.328,-6.6889,85.4896,-92.1785
48.383,-6.6890,85.4896,-92.1786
48.420,-6.6888,85.4896,-92.1784
48.480,-6.6886,85.4896,-92.1782
48.532,-6.6892,85.4918,-92.1810
48.581,-6.6865,85.4918,-92.1783
48.648,-6.6863,85.4918,-92.1781
48.682,-6.6866,85.4918,-92.1784
48.734,-6.6853,85.4918,-92.1771
48.776,-6.6853,85.4941,-92.1795
48.837,-6.6838,85.4941,-92.1779
48.888,-6.6855,85.4941,-92.1796
48.924,-6.6838,85.4941,-92.1779
48.977,-6.6829,85.4941,-92.1771
49.024,-6.6830,85.4963,-92.1794
49.082,-6.6804,85.4963,-92.1767
49.124,-6.6813,85.4963,-92.1777
49.169,-6.6824,85.4963,-92.1787
49.228,-6.6823,85.4963,-92.1786
49.274,-6.6813,85.4986,-92.1799
49.341,-6.6792,85.4986,-92.1778
49.385,-6.6800,85.4986,-92.1787
49.427,-6.6800,85.4986,-92.1787
49.482,-6.6801,85.4986,-92.1787
49.526,-6.6777,85.5008,-92.1785
49.572,-6.6773,85.5008,-92.1782
49.632,-6.6801,85.5008,-92.1809
49.671,-6.6762,85.5008,-92.1770
49.721,-6.6783,85.5008,-92.1791
49.787,-6.6769,85.5032,-92.1800
49.837,-6.6759,85.5032,-92.1790
49.902,-6.6757,85.5032,-92.1789
49.935,-6.6734,85.5032,-92.1766
49.988,-6.6746,85.5032,-92.1778
50.026,-6.6782,85.5054,-92.1835
50.083,-6.6731,85.5054,-92.1785
50.132,-6.6739,85.5054,-92.1792
50.195,-6.6735,85.5054,-92.1789
50.239,-6.6722,85.5054,-92.1775
50.280,-6.6722,85.5076,-92.1799
50.340,-6.6704,85.5076,-92.1781
50.390,-6.6684,85.5076,-92.1760
50.421,-6.6707,85.5076,-92.1783
50.481,-6.6707,85.5076,-92.1783
50.532,-6.6686,85.5099,-92.1784
50.571,-6.6687,85.5099,-92.1786
50.622,-6.6675,85.5099,-92.1774
50.693,-6.6680,85.5099,-92.1779
50.721,-6.6694,85.5099,-92.1793
50.779,-6.6687,85.5121,-92.1808
50.832,-6.6660,85.5121,-92.1781
50.875,-6.6664,85.5121,-92.1784
50.922,-6.6660,85.5121,-92.1781
50.975,-6.6665,85.5121,-92.1786
51.033,-6.6646,85.5144,-92.1790
51.074,-6.6640,85.5144,-92.1784
51.131,-6.6641,85.5144,-92.1784
51.176,-6.6644,85.5144,-92.1787
51.226,-6.6638,85.5144,-92.1781
51.284,-6.6651,85.5166,-92.1817
51.325,-6.6559,85.5166,-92.1725
51.374,-6.6628,85.5166,-92.1794
51.423,-6.6642,85.5166,-92.1808
51.482,-6.6617,85.5166,-92.1784
51.521,-6.6591,85.5188,-92.1779
51.571,-6.6599,85.5188,-92.1787
51.619,-6.6568,85.5188,-92.1756
51.691,-6.6607,85.5188,-92.1795
51.726,-6.6583,85.5188,-92.1770
51.775,-6.6585,85.5210,-92.1794
51.842,-6.6581,85.5210,-92.1790
51.877,-6.6571,85.5210,-92.1781
51.926,-6.6565,85.5210,-92.1775
51.976,-6.6574,85.5210,-92.1783
52.024,-6.6568,85.5231,-92.1799
52.074,-6.6552,85.5231,-92.1782
52.124,-6.6560,85.5231,-92.1791
52.174,-6.6559,85.5231,-92.1789
52.223,-6.6550,85.5231,-92.1781
52.276,-6.6552,85.5253,-92.1805
52.322,-6.6530,85.5253,-92.1783
52.382,-6.6532,85.5253,-92.1785
52.423,-6.6518,85.5253,-92.1771
52.475,-6.6531,85.5253,-92.1784
52.528,-6.6528,85.5275,-92.1803
52.573,-6.6511,85.5275,-92.1785
52.630,-6.6512,85.5275,-92.1787
52.672,-6.6495,85.5275,-92.1769
52.746,-6.6512,85.5275,-92.1787
52.781,-6.6491,85.5296,-92.1788
52.841,-6.6489,85.5296,-92.1785
52.894,-6.6491,85.5296,-92.1787
52.927,-6.6495,85.5296,-92.1791
52.977,-6.6484,85.5296,-92.1780
53.033,-6.6466,85.5317,-92.1783
53.079,-6.6464,85.5317,-92.1782
53.132,-6.6471,85.5317,-92.1788
53.181,-6.6470,85.5317,-92.1787
53.240,-6.6468,85.5317,-92.1785
53.280,-6.6454,85.5340,-92.1794
53.327,-6.6451,85.5340,-92.1791
53.370,-6.6451,85.5340,-92.1792
53.433,-6.6450,85.5340,-92.1790
53.486,-6.6429,85.5340,-92.1769
53.558,-6.6436,85.5361,-92.1796
53.579,-6.6433,85.5361,-92.1793
53.629,-6.6423,85.5361,-92.1784
53.685,-6.6419,85.5361,-92.1779
53.729,-6.6430,85.5361,-92.1791
53.771,-6.6418,85.5382,-92.1800
53.822,-6.6405,85.5382,-92.1787
53.870,-6.6399,85.5382,-92.1781
53.919,-6.6383,85.5382,-92.1765
53.974,-6.6398,85.5382,-92.1780
54.030,-6.6390,85.5404,-92.1794
54.084,-6.6378,85.5404,-92.1782
54.126,-6.6611,85.5162,-92.1773
54.187,-6.6557,85.5264,-92.1821
54.229,-6.6287,85.5505,-92.1792
54.286,-6.6306,85.5387,-92.1692
54.349,-6.6439,85.5347,-92.1786
54.375,-6.6365,85.5437,-92.1802
54.428,-6.6318,85.5469,-92.1787
54.475,-6.6342,85.5442,-92.1784
54.521,-6.6357,85.5438,-92.1795
54.572,-6.6367,85.5425,-92.1792
54.638,-6.6334,85.5455,-92.1788
54.674,-6.6333,85.5440,-92.1773
54.722,-6.6378,85.5402,-92.1780
54.774,-6.6351,85.5447,-92.1798
54.825,-6.6305,85.5472,-92.1778
54.889,-6.6325,85.5437,-92.1762
54.936,-6.6352,85.5429,-92.1781
54.979,-6.6348,85.5459,-92.1806
55.022,-6.6313,85.5486,-92.1799
55.080,-6.6323,85.5462,-92.1785
55.133,-6.6322,85.5470,-92.1792
55.175,-6.6299,85.5492,-92.1790
55.229,-6.6277,85.5500,-92.1777
55.280,-6.6272,85.5520,-92.1792
55.323,-6.6275,85.5520,-92.1795
55.388,-6.6229,85.5520,-92.1749
55.455,-6.6262,85.5520,-92.1783
55.475,-6.6272,85.5520,-92.1792
55.549,-6.6262,85.5542,-92.1803
55.599,-6.6232,85.5542,-92.1774
55.623,-6.6241,85.5542,-92.1783
55.693,-6.6237,85.5542,-92.1779
55.722,-6.6237,85.5542,-92.1778
55.780,-6.6227,85.5563,-92.1790
55.836,-6.6205,85.5563,-92.1769
55.887,-6.6213,85.5563,-92.1777
55.936,-6.6231,85.5563,-92.1794
55.985,-6.6232,85.5563,-92.1796
56.026,-6.6211,85.5586,-92.1796
56.069,-6.6190,85.5586,-92.1776
56.134,-6.6193,85.5586,-92.1779
56.176,-6.6195,85.5586,-92.1781
56.222,-6.6210,85.5586,-92.1796
56.276,-6.6188,85.5607,-92.1795
56.327,-6.6185,85.5607,-92.1792
56.376,-6.6181,85.5607,-92.1788
56.426,-6.6174,85.5607,-92.1781
56.476,-6.6164,85.5607,-92.1771
56.545,-6.6163,85.5628,-92.1791
56.599,-6.6152,85.5628,-92.1780
56.643,-6.6147,85.5628,-92.1775
56.702,-6.6149,85.5628,-92.1777
56.720,-6.6154,85.5628,-92.1783
56.786,-6.6158,85.5648,-92.1806
56.851,-6.6117,85.5648,-92.1766
56.909,-6.6132,85.5648,-92.1780
56.957,-6.6123,85.5648,-92.1771
56.996,-6.6114,85.5648,-92.1762
57.039,-6.6126,85.5671,-92.1797
57.074,-6.6110,85.5671,-92.1780
57.123,-6.6114,85.5671,-92.1785
57.188,-6.6122,85.5671,-92.1793
57.227,-6.6084,85.5671,-92.1755
57.282,-6.6098,85.5692,-92.1790
57.340,-6.6085,85.5692,-92.1777
57.386,-6.6101,85.5692,-92.1793
57.423,-6.6085,85.5692,-92.1777
57.482,-6.6107,85.5692,-92.1799
57.557,-6.6103,85.5714,-92.1816
57.580,-6.6060,85.5714,-92.1774
57.621,-6.6093,85.5714,-92.1807
57.685,-6.6081,85.5714,-92.1794
57.723,-6.6065,85.5714,-92.1779
57.770,-6.6052,85.5735,-92.1786
57.827,-6.6061,85.5735,-92.1796
57.885,-6.6037,85.5735,-92.1771
57.939,-6.6067,85.5735,-92.1801
57.986,-6.6055,85.5735,-92.1789
58.033,-6.6040,85.5755,-92.1795
58.084,-6.6019,85.5755,-92.1774
58.131,-6.6047,85.5755,-92.1802
58.172,-6.6042,85.5755,-92.1797
58.221,-6.6034,85.5755,-92.1788
58.286,-6.6036,85.5776,-92.1812
58.350,-6.5998,85.5776,-92.1774
58.408,-6.6014,85.5776,-92.1790
58.434,-6.6002,85.5776,-92.1778
58.502,-6.5973,85.5776,-92.1749
58.537,-6.6011,85.5797,-92.1808
58.578,-6.5980,85.5797,-92.1777
58.626,-6.5977,85.5797,-92.1774
58.688,-6.6041,85.5797,-92.1838
58.739,-6.5963,85.5797,-92.1760
58.773,-6.5976,85.5819,-92.1795
58.826,-6.5957,85.5819,-92.1775
58.878,-6.5962,85.5819,-92.1781
58.958,-6.5959,85.5819,-92.1778
58.979,-6.5964,85.5819,-92.1783
59.031,-6.5972,85.5841,-92.1814
59.078,-6.5962,85.5841,-92.1803
59.121,-6.5939,85.5841,-92.1780
59.207,-6.5938,85.5841,-92.1779
59.228,-6.5937,85.5841,-92.1778
59.274,-6.5939,85.5861,-92.1800
59.325,-6.5925,85.5861,-92.1786
59.378,-6.5925,85.5861,-92.1786
59.426,-6.5909,85.5861,-92.1771
59.478,-6.5924,85.5861,-92.1785
59.521,-6.5933,85.5881,-92.1814
59.587,-6.5912,85.5881,-92.1794
59.628,-6.5888,85.5881,-92.1769
59.694,-6.5897,85.5881,-92.1779
59.749,-6.5911,85.5881,-92.1792
59.797,-6.5910,85.5902,-92.1812
59.822,-6.5880,85.5902,-92.1782
59.879,-6.5889,85.5902,-92.1791
59.921,-6.5881,85.5902,-92.1783
59.978,-6.5877,85.5902,-92.1779
60.017,-6.5867,85.5922,-92.1789
60.074,-6.5847,85.5922,-92.1769
60.152,-6.5866,85.5922,-92.1788
60.174,-6.5856,85.5922,-92.1778
60.224,-6.5866,85.5922,-92.1788
60.284,-6.5874,85.5941,-92.1814
