x,y
-0.009,-0.087
-0.008,0.013
-0.008,0.113
-0.007,0.213
-0.006,0.313
-0.004,0.413
-0.001,0.513
0.005,0.613
0.014,0.713
0.029,0.813
0.051,0.913
0.082,1.013
0.124,1.113
0.177,1.213
0.239,1.313
0.308,1.413
0.380,1.513
0.450,1.613
0.516,1.713
0.574,1.813
0.623,1.913
0.663,2.013
0.695,2.113
0.720,2.213
0.738,2.313
0.749,2.413
0.753,2.513
0.749,2.613
0.739,2.713
0.722,2.813
0.698,2.913
0.668,3.013
0.631,3.113
0.586,3.213
0.535,3.313
0.480,3.413
0.421,3.513
0.361,3.613
0.301,3.713
0.240,3.813
0.176,3.913
0.108,4.013
0.034,4.113
-0.047,4.213
-0.132,4.313
-0.222,4.413
-0.315,4.513
-0.409,4.613
-0.503,4.713
-0.595,4.813
-0.685,4.913
-0.771,5.013
-0.851,5.113
-0.924,5.213
-0.991,5.313
-1.051,5.413
-1.106,5.513
-1.156,5.613
-1.204,5.713
-1.249,5.813
-1.295,5.913
-1.341,6.013
-1.387,6.113
-1.434,6.213
-1.481,6.313
-1.527,6.413
-1.572,6.513
-1.614,6.613
-1.655,6.713
-1.693,6.813
-1.729,6.913
-1.764,7.013
-1.799,7.113
-1.836,7.213
-1.877,7.313
-1.925,7.413
-1.981,7.513
-2.043,7.613
-2.109,7.713
-2.019,7.737
-1.931,7.765
-1.846,7.801
-1.768,7.847
-1.696,7.904
-1.632,7.973
-1.576,8.051
-1.528,8.136
-1.487,8.227
-1.454,8.321
-1.427,8.417
-1.408,8.515
-1.395,8.614
-1.391,8.714
-1.394,8.813
-1.406,8.913
-1.424,9.013
-1.449,9.113
-1.480,9.213
-1.518,9.313
-1.565,9.413
-1.620,9.513
-1.685,9.612
-1.759,9.712
-1.841,9.812
-1.928,9.910
-2.020,10.009
-2.116,10.105
-2.213,10.200
-2.311,10.292
-2.410,10.378
-2.509,10.458
-2.609,10.530
-2.709,10.592
-2.809,10.644
-2.909,10.687
-3.009,10.723
-3.109,10.753
-3.209,10.778
-3.309,10.798
-3.409,10.815
-3.509,10.827
-3.609,10.835
-3.709,10.836
-3.809,10.830
-3.909,10.818
-4.009,10.799
-4.109,10.774
-4.209,10.742
-4.309,10.703
-4.409,10.657
-4.509,10.601
-4.608,10.537
-4.708,10.463
-4.807,10.381
-4.906,10.293
-5.005,10.201
-5.101,10.106
-5.196,10.009
-5.288,9.911
-5.375,9.812
-5.456,9.712
-5.530,9.612
-5.595,9.513
-5.654,9.413
-5.709,9.313
-5.763,9.213
-5.822,9.113
-5.888,9.013
-5.961,8.914
-6.042,8.815
-6.129,8.716
-6.221,8.619
-6.316,8.523
-6.413,8.430
-6.511,8.341
-6.610,8.259
-6.709,8.184
-6.809,8.120
-6.909,8.067
-7.009,8.028
-7.109,8.004
-7.209,7.995
-7.309,8.000
-7.409,8.018
-7.509,8.044
-7.609,8.077
-7.709,8.113
-7.609,8.062
-7.509,8.017
-7.409,7.983
-7.309,7.962
-7.209,7.957
-7.109,7.971
-7.009,8.001
-6.909,8.046
-6.809,8.105
-6.710,8.174
-6.611,8.252
-6.513,8.338
-6.416,8.428
-6.320,8.522
-6.228,8.618
-6.141,8.716
-6.059,8.814
-5.986,8.914
-5.922,9.013
-5.867,9.113
-5.821,9.213
-5.783,9.313
-5.751,9.413
-5.723,9.513
-5.695,9.613
-5.665,9.713
-5.629,9.813
-5.585,9.913
-5.533,10.013
-5.473,10.113
-5.407,10.213
-5.340,10.313
-5.273,10.413
-5.208,10.513
-5.145,10.613
-5.084,10.713
-5.024,10.813
-4.965,10.913
-4.907,11.013
-4.850,11.113
-4.797,11.213
-4.748,11.313
-4.701,11.413
-4.655,11.513
-4.608,11.613
-4.561,11.713
-4.512,11.813
-4.463,11.913
-4.414,12.013
-4.367,12.113
-4.322,12.213
-4.279,12.313
-4.241,12.413
-4.207,12.512
-4.179,12.612
-4.159,12.711
-4.147,12.810
-4.146,12.908
-4.158,13.004
-4.185,13.099
-4.229,13.190
-4.287,13.277
-4.358,13.360
-4.439,13.437
-4.526,13.510
-4.619,13.579
-4.714,13.647
-4.812,13.716
-4.910,13.789
-5.009,13.866
-5.109,13.948
-5.208,14.036
-5.307,14.127
-5.406,14.221
-5.504,14.318
-5.601,14.416
-5.696,14.514
-5.788,14.614
-5.876,14.713
-5.960,14.813
-6.038,14.913
-6.111,15.013
-6.178,15.113
-6.241,15.213
-6.300,15.313
-6.356,15.413
-6.408,15.513
-6.456,15.613
-6.497,15.713
-6.530,15.813
-6.554,15.913
-6.569,16.013
-6.576,16.113
-6.577,16.213
-6.571,16.313
-6.558,16.413
-6.539,16.513
-6.515,16.613
-6.485,16.713
-6.451,16.813
-6.413,16.913
-6.372,17.013
-6.328,17.113
-6.284,17.213
-6.239,17.313
-6.194,17.413
-6.149,17.513
-6.104,17.612
-6.059,17.712
-6.012,17.812
-5.963,17.911
-5.914,18.009
-5.863,18.107
-5.813,18.203
-5.763,18.298
-5.711,18.390
-5.659,18.480
-5.607,18.568
-5.558,18.656
-5.513,18.743
-5.474,18.832
-5.440,18.922
-5.409,19.013
-5.354,18.950
-5.295,18.892
-5.230,18.841
-5.156,18.800
-5.075,18.770
-4.988,18.748
-4.896,18.732
-4.801,18.720
-4.705,18.711
-4.606,18.702
-4.507,18.692
-4.408,18.681
-4.308,18.669
-4.209,18.655
-4.109,18.642
-4.009,18.630
-3.909,18.618
-3.809,18.607
-3.709,18.596
-3.609,18.584
-3.509,18.571
-3.409,18.558
-3.309,18.546
-3.209,18.536
-3.109,18.528
-3.009,18.522
-2.909,18.519
-2.809,18.516
-2.709,18.515
-2.609,18.514
-2.509,18.513
-2.409,18.513
-2.309,18.513
-2.209,18.513
-2.109,18.513
-2.009,18.513
-1.909,18.513
-1.809,18.514
-1.709,18.514
-1.609,18.515
-1.509,18.517
-1.409,18.521
-1.309,18.527
-1.209,18.536
-1.109,18.551
-1.009,18.573
-0.909,18.606
-0.809,18.649
-0.709,18.706
-0.609,18.773
-0.509,18.851
-0.409,18.936
-0.309,19.026
-0.209,19.120
-0.109,19.217
-0.009,19.314
0.091,19.412
0.191,19.509
0.291,19.606
0.391,19.700
0.491,19.792
0.591,19.878
0.691,19.958
0.791,20.029
0.891,20.090
0.991,20.141
1.091,20.182
1.191,20.214
1.291,20.239
1.391,20.255
1.491,20.264
1.591,20.265
1.691,20.258
1.791,20.245
1.891,20.224
1.991,20.198
2.091,20.166
2.191,20.126
2.291,20.079
2.391,20.023
2.491,19.961
2.591,19.891
2.691,19.817
2.791,19.740
2.891,19.659
2.990,19.575
3.089,19.487
3.188,19.396
3.285,19.302
3.380,19.206
3.472,19.109
3.559,19.011
3.638,18.912
3.708,18.812
3.766,18.712
3.811,18.613
3.843,18.513
3.864,18.413
3.878,18.313
3.886,18.213
3.893,18.113
3.899,18.013
3.905,17.913
3.913,17.813
3.923,17.713
3.935,17.613
3.947,17.513
3.959,17.413
3.968,17.313
3.976,17.213
3.980,17.113
3.983,17.013
3.984,16.913
3.982,16.813
3.978,16.713
3.972,16.613
3.961,16.513
3.947,16.413
3.928,16.313
3.906,16.213
3.880,16.113
3.852,16.013
3.822,15.913
3.791,15.813
3.761,15.713
3.731,15.613
3.703,15.513
3.678,15.413
3.655,15.313
3.638,15.213
3.625,15.113
3.618,15.013
3.617,14.913
3.622,14.813
3.634,14.713
3.654,14.613
3.685,14.513
3.729,14.413
3.784,14.313
3.852,14.213
3.929,14.113
4.014,14.013
4.105,13.913
4.199,13.813
4.295,13.713
4.392,13.613
4.490,13.513
4.588,13.413
4.684,13.313
4.779,13.213
4.872,13.113
4.961,13.013
5.045,12.913
5.125,12.813
5.201,12.713
5.272,12.613
5.340,12.513
5.405,12.413
5.468,12.313
5.529,12.213
5.587,12.113
5.642,12.013
5.691,11.913
5.734,11.813
5.771,11.713
5.802,11.613
5.827,11.513
5.846,11.413
5.861,11.313
5.871,11.213
5.877,11.113
5.879,11.013
5.879,10.913
5.876,10.813
5.869,10.713
5.857,10.613
5.842,10.513
5.821,10.413
5.797,10.313
5.770,10.213
5.743,10.113
5.716,10.013
5.691,9.913
5.669,9.813
5.649,9.713
5.633,9.613
5.622,9.513
5.615,9.413
5.613,9.313
5.616,9.213
5.625,9.113
5.640,9.013
5.662,8.913
5.692,8.813
5.729,8.713
5.772,8.613
5.818,8.513
5.865,8.413
5.910,8.313
5.952,8.213
5.989,8.113
6.018,8.013
6.039,7.913
6.051,7.813
6.056,7.713
6.053,7.613
6.042,7.513
6.024,7.413
5.998,7.313
5.966,7.213
5.930,7.113
5.892,7.013
5.855,6.913
5.823,6.813
5.797,6.713
5.781,6.613
5.774,6.513
5.777,6.413
5.785,6.313
5.795,6.213
5.802,6.113
5.802,6.013
5.791,5.913
5.767,5.813
5.730,5.714
5.679,5.614
5.616,5.515
5.543,5.417
5.461,5.320
5.373,5.226
5.280,5.135
5.185,5.049
5.088,4.970
4.989,4.899
4.890,4.839
4.791,4.788
4.691,4.747
4.591,4.712
4.491,4.680
4.391,4.651
4.291,4.623
4.191,4.594
4.091,4.564
3.991,4.530
3.891,4.493
3.791,4.450
3.691,4.399
3.591,4.340
3.491,4.274
3.391,4.201
3.291,4.124
3.191,4.044
3.091,3.962
2.991,3.876
2.891,3.788
2.791,3.697
2.691,3.603
2.591,3.507
2.491,3.409
2.391,3.311
2.291,3.212
2.191,3.112
2.091,3.012
1.991,2.913
1.891,2.813
1.792,2.713
1.692,2.613
1.592,2.513
1.493,2.413
1.395,2.313
1.298,2.213
1.202,2.113
1.109,2.013
1.021,1.913
0.937,1.813
0.861,1.713
0.791,1.613
0.728,1.513
0.671,1.413
0.618,1.313
0.567,1.213
0.517,1.113
0.468,1.013
0.420,0.913
0.372,0.813
0.326,0.713
0.281,0.613
0.237,0.513
0.195,0.413
0.154,0.313
0.113,0.213
0.072,0.113
0.031,0.013
-0.009,-0.087
